"bpd2","bw_z_new","ga","globalbrainscore2","anyrop","sepsis2","anyivh","hydrocephalus_dc"
1,0,1,1,0,0,0,0
0,1,1,1,0,0,1,1
1,0,1,1,0,0,0,1
1,1,1,1,0,0,0,0
1,1,1,1,0,0,1,1
1,1,0,1,1,0,1,1
0,0,0,0,0,0,0,0
1,1,1,1,1,1,1,1
1,1,0,1,1,1,1,1
1,0,1,1,0,0,0,1
1,1,1,1,0,0,1,1
0,1,1,1,0,0,1,1
1,1,1,1,1,0,1,1
0,1,1,1,1,0,1,1
1,1,1,1,1,1,1,1
0,0,1,1,0,0,0,1
1,1,1,1,0,0,1,1
1,0,1,1,1,1,1,1
1,1,1,1,0,1,1,1
1,1,1,1,1,1,1,1
1,1,0,1,1,1,1,1
0,0,0,1,0,0,0,0
0,1,1,1,0,0,1,1
1,1,1,1,1,1,1,1
0,0,0,0,0,0,0,0
1,0,1,1,0,0,1,1
0,0,0,0,0,0,0,0
1,1,1,1,1,1,1,1
1,1,1,1,1,1,1,1
0,0,1,0,0,0,0,0
1,1,1,1,1,1,1,1
1,1,1,1,1,1,1,1
1,1,1,1,1,1,1,1
0,0,1,1,0,0,0,0
1,0,1,1,0,0,0,0
1,1,1,1,0,1,1,1
1,1,1,1,1,1,1,1
0,0,0,1,0,0,0,0
1,0,1,1,0,1,1,1
1,1,1,1,0,0,1,1
0,0,1,1,0,0,0,0
0,1,1,1,1,1,1,1
0,0,0,1,0,0,0,0
1,1,1,1,1,1,1,1
1,1,1,1,1,0,1,1
1,1,1,1,1,0,1,1
0,1,1,1,0,0,1,1
1,1,1,1,1,1,1,1
0,0,0,1,0,0,0,0
1,1,1,1,1,1,1,1
1,1,1,1,1,1,1,1
1,1,1,1,0,0,1,1
1,1,1,1,0,1,1,1
0,0,0,1,0,0,0,0
0,0,0,0,0,0,0,0
1,1,1,1,1,1,1,1
1,1,1,1,1,1,1,1
1,1,1,1,1,1,1,1
0,0,0,0,0,0,0,0
1,1,1,1,0,0,1,1
0,1,1,1,0,0,0,0
1,1,1,1,0,0,1,1
1,1,1,1,0,0,1,1
1,1,1,1,1,1,1,1
1,1,0,1,1,0,1,1
1,1,1,1,0,1,1,1
1,1,1,1,1,1,1,1
0,0,0,0,0,0,0,0
0,0,0,0,0,0,0,0
1,1,1,1,0,0,1,1
1,1,0,1,0,0,1,1
1,1,1,1,0,0,1,1
0,1,1,1,0,1,1,1
0,0,0,1,0,0,0,0
1,1,0,1,0,1,1,1
1,1,1,1,1,0,1,1
0,1,1,1,0,1,1,1
0,1,1,1,0,0,1,1
1,1,1,1,1,1,1,1
0,0,0,1,0,0,0,0
0,0,0,0,0,0,0,0
1,1,1,1,0,1,1,1
1,1,0,1,0,1,1,1
0,0,0,0,0,0,0,0
1,1,1,1,1,0,1,1
1,1,0,1,0,1,1,1
1,1,1,1,1,1,1,1
0,0,0,1,0,0,0,0
1,0,1,1,0,0,1,1
1,0,0,1,0,0,0,0
1,1,1,1,0,1,1,1
1,1,0,1,0,1,1,1
0,0,0,0,0,0,0,0
1,1,1,1,1,1,1,1
1,1,0,1,0,1,1,1
1,1,1,1,1,1,1,1
1,1,1,1,1,1,1,1
0,1,1,1,0,1,1,1
0,0,1,1,0,0,1,1
0,0,0,1,0,0,0,0
0,1,1,1,0,0,1,1
0,0,0,0,0,0,0,0
0,1,1,1,1,0,1,1
1,1,1,1,1,1,1,1
1,1,1,1,1,1,1,1
1,1,1,1,1,1,1,1
0,1,1,1,1,0,1,1
0,0,1,1,0,0,0,0
0,0,0,0,0,0,0,0
1,1,1,1,1,0,1,1
0,1,1,1,1,1,1,1
1,1,0,1,0,0,0,1
1,1,0,1,1,0,1,1
1,1,1,1,1,1,1,1
1,1,1,1,1,1,1,1
1,1,1,1,1,1,1,1
1,1,1,1,0,0,1,1
1,1,1,1,1,1,1,1
1,0,0,1,0,1,1,1
1,1,1,1,1,1,1,1
1,1,1,1,1,1,1,1
1,1,1,1,0,1,1,1
0,0,0,0,0,0,0,0
1,1,1,1,0,1,1,1
1,1,1,1,0,0,1,1
1,0,1,1,0,0,0,1
1,1,1,1,1,1,1,1
1,1,1,1,1,1,1,1
1,1,0,1,0,1,1,1
1,1,1,1,0,1,1,1
0,0,0,0,0,0,0,0
0,0,0,1,0,0,0,0
1,1,1,1,1,0,1,1
1,1,1,1,0,0,1,1
1,1,1,1,1,1,1,1
1,1,0,1,1,1,1,1
1,1,1,1,0,1,1,1
1,1,0,1,0,0,1,1
1,1,0,1,0,1,1,1
0,0,0,1,0,0,0,0
0,1,1,1,0,0,1,1
1,1,1,1,1,1,1,1
1,1,0,1,1,1,1,1
1,1,1,1,0,1,1,1
1,1,0,1,1,0,1,1
1,1,1,1,1,1,1,1
0,1,1,1,1,1,1,1
1,1,1,1,1,1,1,1
1,1,1,1,1,0,1,1
1,1,1,1,1,0,1,1
0,0,0,0,0,0,0,0
1,1,1,1,1,1,1,1
0,0,1,0,0,0,1,0
0,1,1,1,0,1,1,1
0,1,1,1,0,0,0,0
0,0,0,0,0,0,0,0
0,0,0,1,0,0,0,0
1,1,0,1,1,0,1,1
1,1,1,1,0,0,1,1
0,1,1,1,0,0,1,1
1,0,1,1,0,0,0,1
1,1,1,1,1,1,1,1
1,1,1,1,1,0,1,1
1,1,0,1,1,1,1,1
1,1,1,1,0,0,1,1
0,0,0,1,0,0,0,0
1,1,1,1,1,0,1,1
0,1,1,1,0,0,1,0
0,0,0,0,0,0,0,0
1,0,1,1,0,0,0,1
1,1,1,1,1,1,1,1
1,1,1,1,0,0,1,1
1,0,1,1,0,0,1,1
1,1,1,1,0,1,1,1
0,0,0,0,0,0,0,0
0,1,1,1,0,0,1,1
1,1,1,1,1,1,1,1
1,1,1,1,0,1,1,1
0,1,0,1,0,1,1,1
1,1,1,1,1,1,1,1
1,1,1,1,1,1,1,1
0,0,0,0,0,0,0,0
0,1,1,1,0,0,1,1
1,1,1,1,0,0,1,1
1,1,1,1,1,0,1,1
1,1,0,1,0,0,1,1
1,1,1,1,1,1,1,1
0,1,1,1,1,0,1,1
0,1,1,1,1,1,1,1
1,0,1,1,1,0,1,1
1,1,1,1,0,0,1,1
0,0,1,1,0,0,0,0
1,1,0,1,0,1,1,1
0,0,0,0,0,0,0,0
1,1,1,1,1,0,1,1
1,1,1,1,1,1,1,1
1,1,1,1,1,1,1,1
1,1,1,1,0,0,1,1
1,0,1,1,0,1,1,1
1,1,1,1,1,0,1,1
