"metric","config","threshold","stable_exposures"
"ACC_norm","splits100 (main)",0.6,"globalbrainscore2"
"ACC_norm","splits100 (main)",0.65,"globalbrainscore2"
"ACC_norm","splits100 (main)",0.7,"globalbrainscore2"
"ACC_norm","splits100 (main)",0.75,"(none)"
"ACC_norm","splits100 (main)",0.8,"(none)"
"ACC_norm","splits100 (main)",0.85,"(none)"
"ACC_norm","splits100 (main)",0.9,"(none)"
"ACC_norm","splits200",0.6,"globalbrainscore2"
"ACC_norm","splits200",0.65,"globalbrainscore2"
"ACC_norm","splits200",0.7,"globalbrainscore2"
"ACC_norm","splits200",0.75,"globalbrainscore2"
"ACC_norm","splits200",0.8,"(none)"
"ACC_norm","splits200",0.85,"(none)"
"ACC_norm","splits200",0.9,"(none)"
"ACC_norm","splits200_pve0.90",0.6,"globalbrainscore2"
"ACC_norm","splits200_pve0.90",0.65,"globalbrainscore2"
"ACC_norm","splits200_pve0.90",0.7,"globalbrainscore2"
"ACC_norm","splits200_pve0.90",0.75,"globalbrainscore2"
"ACC_norm","splits200_pve0.90",0.8,"(none)"
"ACC_norm","splits200_pve0.90",0.85,"(none)"
"ACC_norm","splits200_pve0.90",0.9,"(none)"
"ACC_norm","splits200_pve0.95",0.6,"globalbrainscore2"
"ACC_norm","splits200_pve0.95",0.65,"globalbrainscore2"
"ACC_norm","splits200_pve0.95",0.7,"globalbrainscore2"
"ACC_norm","splits200_pve0.95",0.75,"globalbrainscore2"
"ACC_norm","splits200_pve0.95",0.8,"(none)"
"ACC_norm","splits200_pve0.95",0.85,"(none)"
"ACC_norm","splits200_pve0.95",0.9,"(none)"
"ACC_norm","splits200_pve0.99",0.6,"globalbrainscore2"
"ACC_norm","splits200_pve0.99",0.65,"globalbrainscore2"
"ACC_norm","splits200_pve0.99",0.7,"globalbrainscore2"
"ACC_norm","splits200_pve0.99",0.75,"globalbrainscore2"
"ACC_norm","splits200_pve0.99",0.8,"(none)"
"ACC_norm","splits200_pve0.99",0.85,"(none)"
"ACC_norm","splits200_pve0.99",0.9,"(none)"
"ACC_norm","splits200_sub0.50",0.6,"globalbrainscore2"
"ACC_norm","splits200_sub0.50",0.65,"globalbrainscore2"
"ACC_norm","splits200_sub0.50",0.7,"(none)"
"ACC_norm","splits200_sub0.50",0.75,"(none)"
"ACC_norm","splits200_sub0.50",0.8,"(none)"
"ACC_norm","splits200_sub0.50",0.85,"(none)"
"ACC_norm","splits200_sub0.50",0.9,"(none)"
"ACC_norm","splits200_sub0.70",0.6,"globalbrainscore2, hydrocephalus_dc"
"ACC_norm","splits200_sub0.70",0.65,"globalbrainscore2"
"ACC_norm","splits200_sub0.70",0.7,"globalbrainscore2"
"ACC_norm","splits200_sub0.70",0.75,"globalbrainscore2"
"ACC_norm","splits200_sub0.70",0.8,"globalbrainscore2"
"ACC_norm","splits200_sub0.70",0.85,"(none)"
"ACC_norm","splits200_sub0.70",0.9,"(none)"
"ACC_norm","splits200_sub0.80",0.6,"bpd2, globalbrainscore2, hydrocephalus_dc"
"ACC_norm","splits200_sub0.80",0.65,"bpd2, globalbrainscore2, hydrocephalus_dc"
"ACC_norm","splits200_sub0.80",0.7,"bpd2, globalbrainscore2, hydrocephalus_dc"
"ACC_norm","splits200_sub0.80",0.75,"globalbrainscore2, hydrocephalus_dc"
"ACC_norm","splits200_sub0.80",0.8,"globalbrainscore2"
"ACC_norm","splits200_sub0.80",0.85,"globalbrainscore2"
"ACC_norm","splits200_sub0.80",0.9,"globalbrainscore2"
"GE_norm","splits100 (main)",0.6,"(none)"
"GE_norm","splits100 (main)",0.65,"(none)"
"GE_norm","splits100 (main)",0.7,"(none)"
"GE_norm","splits100 (main)",0.75,"(none)"
"GE_norm","splits100 (main)",0.8,"(none)"
"GE_norm","splits100 (main)",0.85,"(none)"
"GE_norm","splits100 (main)",0.9,"(none)"
"GE_norm","splits200",0.6,"(none)"
"GE_norm","splits200",0.65,"(none)"
"GE_norm","splits200",0.7,"(none)"
"GE_norm","splits200",0.75,"(none)"
"GE_norm","splits200",0.8,"(none)"
"GE_norm","splits200",0.85,"(none)"
"GE_norm","splits200",0.9,"(none)"
"GE_norm","splits200_pve0.90",0.6,"(none)"
"GE_norm","splits200_pve0.90",0.65,"(none)"
"GE_norm","splits200_pve0.90",0.7,"(none)"
"GE_norm","splits200_pve0.90",0.75,"(none)"
"GE_norm","splits200_pve0.90",0.8,"(none)"
"GE_norm","splits200_pve0.90",0.85,"(none)"
"GE_norm","splits200_pve0.90",0.9,"(none)"
"GE_norm","splits200_pve0.95",0.6,"(none)"
"GE_norm","splits200_pve0.95",0.65,"(none)"
"GE_norm","splits200_pve0.95",0.7,"(none)"
"GE_norm","splits200_pve0.95",0.75,"(none)"
"GE_norm","splits200_pve0.95",0.8,"(none)"
"GE_norm","splits200_pve0.95",0.85,"(none)"
"GE_norm","splits200_pve0.95",0.9,"(none)"
"GE_norm","splits200_pve0.99",0.6,"(none)"
"GE_norm","splits200_pve0.99",0.65,"(none)"
"GE_norm","splits200_pve0.99",0.7,"(none)"
"GE_norm","splits200_pve0.99",0.75,"(none)"
"GE_norm","splits200_pve0.99",0.8,"(none)"
"GE_norm","splits200_pve0.99",0.85,"(none)"
"GE_norm","splits200_pve0.99",0.9,"(none)"
"GE_norm","splits200_sub0.50",0.6,"(none)"
"GE_norm","splits200_sub0.50",0.65,"(none)"
"GE_norm","splits200_sub0.50",0.7,"(none)"
"GE_norm","splits200_sub0.50",0.75,"(none)"
"GE_norm","splits200_sub0.50",0.8,"(none)"
"GE_norm","splits200_sub0.50",0.85,"(none)"
"GE_norm","splits200_sub0.50",0.9,"(none)"
"GE_norm","splits200_sub0.70",0.6,"(none)"
"GE_norm","splits200_sub0.70",0.65,"(none)"
"GE_norm","splits200_sub0.70",0.7,"(none)"
"GE_norm","splits200_sub0.70",0.75,"(none)"
"GE_norm","splits200_sub0.70",0.8,"(none)"
"GE_norm","splits200_sub0.70",0.85,"(none)"
"GE_norm","splits200_sub0.70",0.9,"(none)"
"GE_norm","splits200_sub0.80",0.6,"(none)"
"GE_norm","splits200_sub0.80",0.65,"(none)"
"GE_norm","splits200_sub0.80",0.7,"(none)"
"GE_norm","splits200_sub0.80",0.75,"(none)"
"GE_norm","splits200_sub0.80",0.8,"(none)"
"GE_norm","splits200_sub0.80",0.85,"(none)"
"GE_norm","splits200_sub0.80",0.9,"(none)"
"strength","splits100 (main)",0.6,"globalbrainscore2"
"strength","splits100 (main)",0.65,"globalbrainscore2"
"strength","splits100 (main)",0.7,"globalbrainscore2"
"strength","splits100 (main)",0.75,"globalbrainscore2"
"strength","splits100 (main)",0.8,"(none)"
"strength","splits100 (main)",0.85,"(none)"
"strength","splits100 (main)",0.9,"(none)"
"strength","splits200",0.6,"globalbrainscore2"
"strength","splits200",0.65,"globalbrainscore2"
"strength","splits200",0.7,"globalbrainscore2"
"strength","splits200",0.75,"globalbrainscore2"
"strength","splits200",0.8,"(none)"
"strength","splits200",0.85,"(none)"
"strength","splits200",0.9,"(none)"
"strength","splits200_pve0.90",0.6,"globalbrainscore2"
"strength","splits200_pve0.90",0.65,"globalbrainscore2"
"strength","splits200_pve0.90",0.7,"globalbrainscore2"
"strength","splits200_pve0.90",0.75,"globalbrainscore2"
"strength","splits200_pve0.90",0.8,"(none)"
"strength","splits200_pve0.90",0.85,"(none)"
"strength","splits200_pve0.90",0.9,"(none)"
"strength","splits200_pve0.95",0.6,"globalbrainscore2"
"strength","splits200_pve0.95",0.65,"globalbrainscore2"
"strength","splits200_pve0.95",0.7,"globalbrainscore2"
"strength","splits200_pve0.95",0.75,"globalbrainscore2"
"strength","splits200_pve0.95",0.8,"(none)"
"strength","splits200_pve0.95",0.85,"(none)"
"strength","splits200_pve0.95",0.9,"(none)"
"strength","splits200_pve0.99",0.6,"globalbrainscore2"
"strength","splits200_pve0.99",0.65,"globalbrainscore2"
"strength","splits200_pve0.99",0.7,"globalbrainscore2"
"strength","splits200_pve0.99",0.75,"globalbrainscore2"
"strength","splits200_pve0.99",0.8,"(none)"
"strength","splits200_pve0.99",0.85,"(none)"
"strength","splits200_pve0.99",0.9,"(none)"
"strength","splits200_sub0.50",0.6,"globalbrainscore2"
"strength","splits200_sub0.50",0.65,"globalbrainscore2"
"strength","splits200_sub0.50",0.7,"(none)"
"strength","splits200_sub0.50",0.75,"(none)"
"strength","splits200_sub0.50",0.8,"(none)"
"strength","splits200_sub0.50",0.85,"(none)"
"strength","splits200_sub0.50",0.9,"(none)"
"strength","splits200_sub0.70",0.6,"bw_z_new, globalbrainscore2, hydrocephalus_dc"
"strength","splits200_sub0.70",0.65,"globalbrainscore2, hydrocephalus_dc"
"strength","splits200_sub0.70",0.7,"globalbrainscore2"
"strength","splits200_sub0.70",0.75,"globalbrainscore2"
"strength","splits200_sub0.70",0.8,"globalbrainscore2"
"strength","splits200_sub0.70",0.85,"globalbrainscore2"
"strength","splits200_sub0.70",0.9,"(none)"
"strength","splits200_sub0.80",0.6,"bpd2, bw_z_new, ga, globalbrainscore2, anyivh, hydrocephalus_dc"
"strength","splits200_sub0.80",0.65,"bpd2, bw_z_new, ga, globalbrainscore2, anyivh, hydrocephalus_dc"
"strength","splits200_sub0.80",0.7,"bw_z_new, ga, globalbrainscore2, anyivh, hydrocephalus_dc"
"strength","splits200_sub0.80",0.75,"globalbrainscore2, hydrocephalus_dc"
"strength","splits200_sub0.80",0.8,"globalbrainscore2"
"strength","splits200_sub0.80",0.85,"globalbrainscore2"
"strength","splits200_sub0.80",0.9,"(none)"
"SW","splits100 (main)",0.6,"(none)"
"SW","splits100 (main)",0.65,"(none)"
"SW","splits100 (main)",0.7,"(none)"
"SW","splits100 (main)",0.75,"(none)"
"SW","splits100 (main)",0.8,"(none)"
"SW","splits100 (main)",0.85,"(none)"
"SW","splits100 (main)",0.9,"(none)"
"SW","splits200",0.6,"(none)"
"SW","splits200",0.65,"(none)"
"SW","splits200",0.7,"(none)"
"SW","splits200",0.75,"(none)"
"SW","splits200",0.8,"(none)"
"SW","splits200",0.85,"(none)"
"SW","splits200",0.9,"(none)"
"SW","splits200_pve0.90",0.6,"(none)"
"SW","splits200_pve0.90",0.65,"(none)"
"SW","splits200_pve0.90",0.7,"(none)"
"SW","splits200_pve0.90",0.75,"(none)"
"SW","splits200_pve0.90",0.8,"(none)"
"SW","splits200_pve0.90",0.85,"(none)"
"SW","splits200_pve0.90",0.9,"(none)"
"SW","splits200_pve0.95",0.6,"(none)"
"SW","splits200_pve0.95",0.65,"(none)"
"SW","splits200_pve0.95",0.7,"(none)"
"SW","splits200_pve0.95",0.75,"(none)"
"SW","splits200_pve0.95",0.8,"(none)"
"SW","splits200_pve0.95",0.85,"(none)"
"SW","splits200_pve0.95",0.9,"(none)"
"SW","splits200_pve0.99",0.6,"(none)"
"SW","splits200_pve0.99",0.65,"(none)"
"SW","splits200_pve0.99",0.7,"(none)"
"SW","splits200_pve0.99",0.75,"(none)"
"SW","splits200_pve0.99",0.8,"(none)"
"SW","splits200_pve0.99",0.85,"(none)"
"SW","splits200_pve0.99",0.9,"(none)"
"SW","splits200_sub0.50",0.6,"(none)"
"SW","splits200_sub0.50",0.65,"(none)"
"SW","splits200_sub0.50",0.7,"(none)"
"SW","splits200_sub0.50",0.75,"(none)"
"SW","splits200_sub0.50",0.8,"(none)"
"SW","splits200_sub0.50",0.85,"(none)"
"SW","splits200_sub0.50",0.9,"(none)"
"SW","splits200_sub0.70",0.6,"ga"
"SW","splits200_sub0.70",0.65,"(none)"
"SW","splits200_sub0.70",0.7,"(none)"
"SW","splits200_sub0.70",0.75,"(none)"
"SW","splits200_sub0.70",0.8,"(none)"
"SW","splits200_sub0.70",0.85,"(none)"
"SW","splits200_sub0.70",0.9,"(none)"
"SW","splits200_sub0.80",0.6,"ga"
"SW","splits200_sub0.80",0.65,"ga"
"SW","splits200_sub0.80",0.7,"ga"
"SW","splits200_sub0.80",0.75,"(none)"
"SW","splits200_sub0.80",0.8,"(none)"
"SW","splits200_sub0.80",0.85,"(none)"
"SW","splits200_sub0.80",0.9,"(none)"
