"term","label","bootstrap_term","density","beta","ci_lower","ci_upper","ci_excludes_zero"
"Intercept","Intercept","Intercept(densities)",11,1.20605775479164,1.16601047459744,1.24248675254842,TRUE
"Intercept","Intercept","Intercept(densities)",11.8989898989899,1.12653474374317,1.09065872107524,1.16091705873479,TRUE
"Intercept","Intercept","Intercept(densities)",12.7979797979798,1.05414176664567,1.02127005445159,1.08752810948284,TRUE
"Intercept","Intercept","Intercept(densities)",13.6969696969697,0.987883891126779,0.95718523977802,1.01899193286865,TRUE
"Intercept","Intercept","Intercept(densities)",14.5959595959596,0.926766184814132,0.89886397561337,0.955247249585531,TRUE
"Intercept","Intercept","Intercept(densities)",15.4949494949495,0.869793715335368,0.844548735447185,0.897009489431807,TRUE
"Intercept","Intercept","Intercept(densities)",16.3939393939394,0.815974455482637,0.792652713177844,0.842453570745031,TRUE
"Intercept","Intercept","Intercept(densities)",17.2929292929293,0.764624123966356,0.742893666945939,0.78976827882202,TRUE
"Intercept","Intercept","Intercept(densities)",18.1919191919192,0.715633918854417,0.694885797684553,0.73923528395218,TRUE
"Intercept","Intercept","Intercept(densities)",19.0909090909091,0.668958159516989,0.649243865298322,0.69114421432487,TRUE
"Intercept","Intercept","Intercept(densities)",19.989898989899,0.624551165324241,0.605598348432848,0.644573882102481,TRUE
"Intercept","Intercept","Intercept(densities)",20.8888888888889,0.582367255646341,0.564085090386841,0.600892873135428,TRUE
"Intercept","Intercept","Intercept(densities)",21.7878787878788,0.542360349526525,0.524906577002692,0.559798400565184,TRUE
"Intercept","Intercept","Intercept(densities)",22.6868686868687,0.504471145885286,0.487625228860815,0.51998634607231,TRUE
"Intercept","Intercept","Intercept(densities)",23.5858585858586,0.46862441447725,0.453241000967121,0.482640068586687,TRUE
"Intercept","Intercept","Intercept(densities)",24.4848484848485,0.434743977012665,0.42069510824701,0.447183891834177,TRUE
"Intercept","Intercept","Intercept(densities)",25.3838383838384,0.402753655201774,0.3897572490583,0.414232684382441,TRUE
"Intercept","Intercept","Intercept(densities)",26.2828282828283,0.372577270754823,0.360831782622425,0.383040206653921,TRUE
"Intercept","Intercept","Intercept(densities)",27.1818181818182,0.344135244296804,0.33316344961125,0.353954789148371,TRUE
"Intercept","Intercept","Intercept(densities)",28.0808080808081,0.317295766516543,0.307742971205811,0.326210749493924,TRUE
"Intercept","Intercept","Intercept(densities)",28.979797979798,0.291886125039911,0.282901613228066,0.300137982480887,TRUE
"Intercept","Intercept","Intercept(densities)",29.8787878787879,0.26773251430233,0.25969780041363,0.275547904888601,TRUE
"Intercept","Intercept","Intercept(densities)",30.7777777777778,0.244661128739218,0.237198049266677,0.251942700206957,TRUE
"Intercept","Intercept","Intercept(densities)",31.6767676767677,0.222498162785993,0.215594662203693,0.229318206142635,TRUE
"Intercept","Intercept","Intercept(densities)",32.5757575757576,0.201082307065906,0.194598154837919,0.207514986513689,TRUE
"Intercept","Intercept","Intercept(densities)",33.4747474747475,0.180358057262759,0.174327979431418,0.186435190050425,TRUE
"Intercept","Intercept","Intercept(densities)",34.3737373737374,0.160323158484893,0.154823533228374,0.166036161014035,TRUE
"Intercept","Intercept","Intercept(densities)",35.2727272727273,0.140975760534067,0.135645234714875,0.146376228120481,TRUE
"Intercept","Intercept","Intercept(densities)",36.1717171717172,0.122314013212043,0.11719169379339,0.12747586172917,TRUE
"Intercept","Intercept","Intercept(densities)",37.0707070707071,0.104336066320579,0.0994546596464018,0.109144181770851,TRUE
"Intercept","Intercept","Intercept(densities)",37.969696969697,0.0870366548262531,0.082338525247898,0.091469778304447,TRUE
"Intercept","Intercept","Intercept(densities)",38.8686868686869,0.0703932973837294,0.0657952624382575,0.0746257469356903,TRUE
"Intercept","Intercept","Intercept(densities)",39.7676767676768,0.0543780992397011,0.0499925575360486,0.0580527505893508,TRUE
"Intercept","Intercept","Intercept(densities)",40.6666666666667,0.0389631636680819,0.0346871622475889,0.0425285996933684,TRUE
"Intercept","Intercept","Intercept(densities)",41.5656565656566,0.0241205939427863,0.0200669682742135,0.027622902707695,TRUE
"Intercept","Intercept","Intercept(densities)",42.4646464646465,0.00982249269151733,0.00583086286803892,0.0132239777192597,TRUE
"Intercept","Intercept","Intercept(densities)",43.3636363636364,-0.00396025840001255,-0.007967708589576,-0.000658771084143891,TRUE
"Intercept","Intercept","Intercept(densities)",44.2626262626263,-0.0172605361399187,-0.0212956029458732,-0.0138108999497471,TRUE
"Intercept","Intercept","Intercept(densities)",45.1616161616162,-0.030111938221008,-0.0340413732730047,-0.0265203073439218,TRUE
"Intercept","Intercept","Intercept(densities)",46.0606060606061,-0.0425480623360877,-0.0464269385036228,-0.0388757146962132,TRUE
"Intercept","Intercept","Intercept(densities)",46.959595959596,-0.0546025061779645,-0.0585300405460109,-0.0508141588349213,TRUE
"Intercept","Intercept","Intercept(densities)",47.8585858585859,-0.0663087757887941,-0.0701503870086934,-0.062437860262957,TRUE
"Intercept","Intercept","Intercept(densities)",48.7575757575758,-0.0776895855967071,-0.0815669259249226,-0.0737831630453134,TRUE
"Intercept","Intercept","Intercept(densities)",49.6565656565657,-0.0887468495684123,-0.0927199181452362,-0.0847672982035028,TRUE
"Intercept","Intercept","Intercept(densities)",50.5555555555556,-0.0994801137977006,-0.103581474758565,-0.0954250357306353,TRUE
"Intercept","Intercept","Intercept(densities)",51.4545454545455,-0.109888924378363,-0.114198737754748,-0.105738430811382,TRUE
"Intercept","Intercept","Intercept(densities)",52.3535353535354,-0.11997282740419,-0.124411370558458,-0.115667369843223,TRUE
"Intercept","Intercept","Intercept(densities)",53.2525252525253,-0.129731549417806,-0.134374702872271,-0.125199702021052,TRUE
"Intercept","Intercept","Intercept(densities)",54.1515151515152,-0.139171154433569,-0.144059687584161,-0.134370199476453,TRUE
"Intercept","Intercept","Intercept(densities)",55.0505050505051,-0.148305567266461,-0.153318335961983,-0.143231157524681,TRUE
"Intercept","Intercept","Intercept(densities)",55.9494949494949,-0.157149202284477,-0.162333392448954,-0.151934971372239,TRUE
"Intercept","Intercept","Intercept(densities)",56.8484848484849,-0.165716473855611,-0.171064142254705,-0.160358017160532,TRUE
"Intercept","Intercept","Intercept(densities)",57.7474747474747,-0.174021796347859,-0.179578218840663,-0.168470083596915,TRUE
"Intercept","Intercept","Intercept(densities)",58.6464646464647,-0.182079394811333,-0.187743340404816,-0.176279856364812,TRUE
"Intercept","Intercept","Intercept(densities)",59.5454545454545,-0.189900454400414,-0.195698585009571,-0.183919021958407,TRUE
"Intercept","Intercept","Intercept(densities)",60.4444444444444,-0.197493709469085,-0.203421443302931,-0.191430188006263,TRUE
"Intercept","Intercept","Intercept(densities)",61.3434343434343,-0.204867824588913,-0.210902251931078,-0.198711021156869,TRUE
"Intercept","Intercept","Intercept(densities)",62.2424242424242,-0.212031464331467,-0.218178529175529,-0.205631397596124,TRUE
"Intercept","Intercept","Intercept(densities)",63.1414141414141,-0.218993293268316,-0.225247112025176,-0.212428335134794,TRUE
"Intercept","Intercept","Intercept(densities)",64.040404040404,-0.22576170331243,-0.23211409013806,-0.21906188813932,TRUE
"Intercept","Intercept","Intercept(densities)",64.9393939393939,-0.232342691220917,-0.238820956413434,-0.225475711177452,TRUE
"Intercept","Intercept","Intercept(densities)",65.8383838383838,-0.238741011105494,-0.245388589618579,-0.231725004232263,TRUE
"Intercept","Intercept","Intercept(densities)",66.7373737373737,-0.244961406524381,-0.25180498990829,-0.23780869141784,TRUE
"Intercept","Intercept","Intercept(densities)",67.6363636363636,-0.251008621035798,-0.258037916832837,-0.243660625883076,TRUE
"Intercept","Intercept","Intercept(densities)",68.5353535353535,-0.256887398197966,-0.264078553673811,-0.249320333908246,TRUE
"Intercept","Intercept","Intercept(densities)",69.4343434343434,-0.262601448449441,-0.269850003276591,-0.254863905989351,TRUE
"Intercept","Intercept","Intercept(densities)",70.3333333333333,-0.268149095827975,-0.275437594503205,-0.260291183737656,TRUE
"Intercept","Intercept","Intercept(densities)",71.2323232323232,-0.273526914605798,-0.280916323412722,-0.26558593977001,TRUE
"Intercept","Intercept","Intercept(densities)",72.1313131313131,-0.278731478129038,-0.286147948220678,-0.270736814916609,TRUE
"Intercept","Intercept","Intercept(densities)",73.030303030303,-0.283759359743824,-0.291287156140601,-0.275667561208944,TRUE
"Intercept","Intercept","Intercept(densities)",73.9292929292929,-0.288607133410553,-0.296106728124964,-0.280473970016322,TRUE
"Intercept","Intercept","Intercept(densities)",74.8282828282828,-0.29327305867948,-0.300928072757113,-0.285137869340619,TRUE
"Intercept","Intercept","Intercept(densities)",75.7272727272727,-0.29776075579802,-0.305450596859983,-0.289484206658792,TRUE
"Intercept","Intercept","Intercept(densities)",76.6262626262626,-0.302074908301552,-0.309865315605701,-0.293688687313276,TRUE
"Intercept","Intercept","Intercept(densities)",77.5252525252525,-0.306220199725458,-0.3140915709674,-0.297772057788433,TRUE
"Intercept","Intercept","Intercept(densities)",78.4242424242424,-0.310201313605117,-0.318060911127499,-0.30167577686203,TRUE
"Intercept","Intercept","Intercept(densities)",79.3232323232323,-0.314022934701088,-0.321939379542241,-0.305423389597904,TRUE
"Intercept","Intercept","Intercept(densities)",80.2222222222222,-0.317689908982504,-0.325708647408001,-0.309042458773966,TRUE
"Intercept","Intercept","Intercept(densities)",81.1212121212121,-0.321207402735263,-0.329319582586243,-0.312430281993158,TRUE
"Intercept","Intercept","Intercept(densities)",82.020202020202,-0.324580620076516,-0.332701846583095,-0.315676686814695,TRUE
"Intercept","Intercept","Intercept(densities)",82.9191919191919,-0.327814765123415,-0.335979089117716,-0.318822430552798,TRUE
"Intercept","Intercept","Intercept(densities)",83.8181818181818,-0.330915041993112,-0.339173743267342,-0.32186036113271,TRUE
"Intercept","Intercept","Intercept(densities)",84.7171717171717,-0.333886240882083,-0.342278401942762,-0.324725994025947,TRUE
"Intercept","Intercept","Intercept(densities)",85.6161616161616,-0.336717664636481,-0.345192575611525,-0.32750732769775,TRUE
"Intercept","Intercept","Intercept(densities)",86.5151515151515,-0.339378839996216,-0.347816097392656,-0.330125949273839,TRUE
"Intercept","Intercept","Intercept(densities)",87.4141414141414,-0.341838005929698,-0.350352935478193,-0.332656240442805,TRUE
"Intercept","Intercept","Intercept(densities)",88.3131313131313,-0.344063401405333,-0.352643103378496,-0.334820793418847,TRUE
"Intercept","Intercept","Intercept(densities)",89.2121212121212,-0.346023265391533,-0.354647669912056,-0.336757471618945,TRUE
"Intercept","Intercept","Intercept(densities)",90.1111111111111,-0.347687423539283,-0.35633600983256,-0.338447548005357,TRUE
"Intercept","Intercept","Intercept(densities)",91.010101010101,-0.349052361148062,-0.357752854277246,-0.339813484590541,TRUE
"Intercept","Intercept","Intercept(densities)",91.9090909090909,-0.350136689209814,-0.358897166064726,-0.340855896275407,TRUE
"Intercept","Intercept","Intercept(densities)",92.8080808080808,-0.350959688718633,-0.359712846404844,-0.341652935972497,TRUE
"Intercept","Intercept","Intercept(densities)",93.7070707070707,-0.351540640668612,-0.360271982867327,-0.342230086087605,TRUE
"Intercept","Intercept","Intercept(densities)",94.6060606060606,-0.351898826053846,-0.360602363885853,-0.342614890685231,TRUE
"Intercept","Intercept","Intercept(densities)",95.5050505050505,-0.352057428258991,-0.360730727654282,-0.342836788906793,TRUE
"Intercept","Intercept","Intercept(densities)",96.4040404040404,-0.352075208914606,-0.360707663147641,-0.342884493136718,TRUE
"Intercept","Intercept","Intercept(densities)",97.3030303030303,-0.352029955633354,-0.360636068192471,-0.342881633109081,TRUE
"Intercept","Intercept","Intercept(densities)",98.2020202020202,-0.351999635635827,-0.360568495108936,-0.342921356716949,TRUE
"Intercept","Intercept","Intercept(densities)",99.1010101010101,-0.35206221614262,-0.360639086296049,-0.342973914355216,TRUE
"Intercept","Intercept","Intercept(densities)",100,-0.352295664374327,-0.360890782069319,-0.34311849153921,TRUE
"Group","Group (VPT vs FT)","Group(densities)",11,0.0465102906941089,0.000923146940683273,0.097015293551858,TRUE
"Group","Group (VPT vs FT)","Group(densities)",11.8989898989899,0.0462377140088768,0.00214129187815233,0.0936595268197897,TRUE
"Group","Group (VPT vs FT)","Group(densities)",12.7979797979798,0.0459514400817066,0.00349656091055654,0.0910226486031273,TRUE
"Group","Group (VPT vs FT)","Group(densities)",13.6969696969697,0.0456735303295119,0.00556657896131671,0.0874653727083715,TRUE
"Group","Group (VPT vs FT)","Group(densities)",14.5959595959596,0.0454260461692062,0.00631763495400662,0.0848625806593534,TRUE
"Group","Group (VPT vs FT)","Group(densities)",15.4949494949495,0.0452310490177031,0.00779294869484199,0.0821089909326224,TRUE
"Group","Group (VPT vs FT)","Group(densities)",16.3939393939394,0.0451104006427963,0.00950770730980593,0.0800944574742559,TRUE
"Group","Group (VPT vs FT)","Group(densities)",17.2929292929293,0.0450648138544686,0.0106825363893479,0.079895520458694,TRUE
"Group","Group (VPT vs FT)","Group(densities)",18.1919191919192,0.0450554532902328,0.0121788158018596,0.0782498497167527,TRUE
"Group","Group (VPT vs FT)","Group(densities)",19.0909090909091,0.0450391457566849,0.0142558625355013,0.0773069985609492,TRUE
"Group","Group (VPT vs FT)","Group(densities)",19.989898989899,0.0449727180604209,0.0149156794012531,0.0762230093009881,TRUE
"Group","Group (VPT vs FT)","Group(densities)",20.8888888888889,0.0448129970080367,0.0160053790836512,0.0757117111972001,TRUE
"Group","Group (VPT vs FT)","Group(densities)",21.7878787878788,0.0445177119378263,0.0168844227424333,0.074245702393619,TRUE
"Group","Group (VPT vs FT)","Group(densities)",22.6868686868687,0.0440743967772426,0.017542342977242,0.0724085773149397,TRUE
"Group","Group (VPT vs FT)","Group(densities)",23.5858585858586,0.0435064975442434,0.01771207693451,0.0702612765033782,TRUE
"Group","Group (VPT vs FT)","Group(densities)",24.4848484848485,0.0428395976101132,0.0182720324933466,0.0681703285745501,TRUE
"Group","Group (VPT vs FT)","Group(densities)",25.3838383838384,0.0420992803461362,0.0185080920718315,0.0661622837583298,TRUE
"Group","Group (VPT vs FT)","Group(densities)",26.2828282828283,0.0413111291235969,0.0187593989668077,0.0640088298078535,TRUE
"Group","Group (VPT vs FT)","Group(densities)",27.1818181818182,0.0405000788851899,0.0189989557279519,0.0619060585403584,TRUE
"Group","Group (VPT vs FT)","Group(densities)",28.0808080808081,0.0396811067568138,0.0189646468397614,0.0601411491354328,TRUE
"Group","Group (VPT vs FT)","Group(densities)",28.979797979798,0.03886139155487,0.0189611539728632,0.0587932589478666,TRUE
"Group","Group (VPT vs FT)","Group(densities)",29.8787878787879,0.0380479036752436,0.0189563660132317,0.0572188582005959,TRUE
"Group","Group (VPT vs FT)","Group(densities)",30.7777777777778,0.0372476135138198,0.018646264383631,0.0555590811321137,TRUE
"Group","Group (VPT vs FT)","Group(densities)",31.6767676767677,0.0364674914664834,0.0185291055819703,0.0542847143393528,TRUE
"Group","Group (VPT vs FT)","Group(densities)",32.5757575757576,0.035713583655884,0.0184614656049167,0.0530119044586927,TRUE
"Group","Group (VPT vs FT)","Group(densities)",33.4747474747475,0.0349841103951507,0.0182552566623377,0.0516882823439087,TRUE
"Group","Group (VPT vs FT)","Group(densities)",34.3737373737374,0.0342733534348217,0.0180492632974821,0.0505028247929232,TRUE
"Group","Group (VPT vs FT)","Group(densities)",35.2727272727273,0.0335755645925225,0.0178486326765842,0.0495215112475094,TRUE
"Group","Group (VPT vs FT)","Group(densities)",36.1717171717172,0.0328849956858787,0.0177490235196671,0.0485247892058924,TRUE
"Group","Group (VPT vs FT)","Group(densities)",37.0707070707071,0.0321958985325158,0.0175847883680925,0.0474060656575378,TRUE
"Group","Group (VPT vs FT)","Group(densities)",37.969696969697,0.0315036547603445,0.0172890552172271,0.0462308466990826,TRUE
"Group","Group (VPT vs FT)","Group(densities)",38.8686868686869,0.0308093420748984,0.0169141129553445,0.0450246265790672,TRUE
"Group","Group (VPT vs FT)","Group(densities)",39.7676767676768,0.0301158292268641,0.0165550636235313,0.0438083074743617,TRUE
"Group","Group (VPT vs FT)","Group(densities)",40.6666666666667,0.0294259856196293,0.0162193698019281,0.0426183506746997,TRUE
"Group","Group (VPT vs FT)","Group(densities)",41.5656565656566,0.0287426806565817,0.0158979266579593,0.0414438566559716,TRUE
"Group","Group (VPT vs FT)","Group(densities)",42.4646464646465,0.0280687834042732,0.0156633756400344,0.0403287552848369,TRUE
"Group","Group (VPT vs FT)","Group(densities)",43.3636363636364,0.027406526516374,0.015472491988648,0.0394419776680209,TRUE
"Group","Group (VPT vs FT)","Group(densities)",44.2626262626263,0.0267561835412831,0.0152761076957711,0.0382783310913063,TRUE
"Group","Group (VPT vs FT)","Group(densities)",45.1616161616162,0.0261176522681027,0.0150102401825143,0.0372977668714767,TRUE
"Group","Group (VPT vs FT)","Group(densities)",46.0606060606061,0.0254908304859351,0.0147445858809395,0.036277848595732,TRUE
"Group","Group (VPT vs FT)","Group(densities)",46.959595959596,0.0248756159838823,0.0145783752916934,0.0355097293570658,TRUE
"Group","Group (VPT vs FT)","Group(densities)",47.8585858585859,0.0242719079653892,0.0142307355189627,0.0344957894012933,TRUE
"Group","Group (VPT vs FT)","Group(densities)",48.7575757575758,0.0236797721688774,0.0141025252823576,0.0335996931525713,TRUE
"Group","Group (VPT vs FT)","Group(densities)",49.6565656565657,0.0230995953231562,0.0138876392143849,0.0327375214851753,TRUE
"Group","Group (VPT vs FT)","Group(densities)",50.5555555555556,0.022531800697784,0.0135812316619346,0.0319682848622259,TRUE
"Group","Group (VPT vs FT)","Group(densities)",51.4545454545455,0.0219768115623191,0.0133249107135873,0.0311248818672802,TRUE
"Group","Group (VPT vs FT)","Group(densities)",52.3535353535354,0.02143505118632,0.0129696304068591,0.0303485088484386,TRUE
"Group","Group (VPT vs FT)","Group(densities)",53.2525252525253,0.0209069401816004,0.0126454484566566,0.02947403004377,TRUE
"Group","Group (VPT vs FT)","Group(densities)",54.1515151515152,0.0203928058183819,0.0123134354582072,0.0286727353775271,TRUE
"Group","Group (VPT vs FT)","Group(densities)",55.0505050505051,0.0198928595889108,0.0120915657639646,0.0279329564064336,TRUE
"Group","Group (VPT vs FT)","Group(densities)",55.9494949494949,0.0194073057750409,0.011750538509749,0.0271994085213255,TRUE
"Group","Group (VPT vs FT)","Group(densities)",56.8484848484849,0.018936348658626,0.0113136130949529,0.0264967535318764,TRUE
"Group","Group (VPT vs FT)","Group(densities)",57.7474747474747,0.0184801925215202,0.0110588078157882,0.0259893311823697,TRUE
"Group","Group (VPT vs FT)","Group(densities)",58.6464646464647,0.0180389626796586,0.0108209349026581,0.0253222952924735,TRUE
"Group","Group (VPT vs FT)","Group(densities)",59.5454545454545,0.0176115164855007,0.0105968478185795,0.0248042378966158,TRUE
"Group","Group (VPT vs FT)","Group(densities)",60.4444444444444,0.0171956890441445,0.0102695337217622,0.0242153081638758,TRUE
"Group","Group (VPT vs FT)","Group(densities)",61.3434343434343,0.0167892863539166,0.00996960759089799,0.0236188685456876,TRUE
"Group","Group (VPT vs FT)","Group(densities)",62.2424242424242,0.0163901144131434,0.00975850820803315,0.0231898015633591,TRUE
"Group","Group (VPT vs FT)","Group(densities)",63.1414141414141,0.0159959792201514,0.00955984633728063,0.0227227817751823,TRUE
"Group","Group (VPT vs FT)","Group(densities)",64.040404040404,0.0156050687118399,0.0093002313604671,0.0221790720106358,TRUE
"Group","Group (VPT vs FT)","Group(densities)",64.9393939393939,0.0152189259454304,0.00901042979851319,0.0216539103328911,TRUE
"Group","Group (VPT vs FT)","Group(densities)",65.8383838383838,0.0148408346685451,0.00878868841060058,0.021130604585723,TRUE
"Group","Group (VPT vs FT)","Group(densities)",66.7373737373737,0.0144740934120824,0.00848451189884827,0.0205805199734538,TRUE
"Group","Group (VPT vs FT)","Group(densities)",67.6363636363636,0.0141220007069404,0.0081167424359951,0.020127062619259,TRUE
"Group","Group (VPT vs FT)","Group(densities)",68.5353535353535,0.0137878550840176,0.00779368779135041,0.019795924633142,TRUE
"Group","Group (VPT vs FT)","Group(densities)",69.4343434343434,0.013474405607279,0.00764815542540114,0.0192857818195384,TRUE
"Group","Group (VPT vs FT)","Group(densities)",70.3333333333333,0.0131815365717443,0.00738768681015157,0.0188729512738371,TRUE
"Group","Group (VPT vs FT)","Group(densities)",71.2323232323232,0.0129082016558465,0.00710739057033963,0.0185677855146892,TRUE
"Group","Group (VPT vs FT)","Group(densities)",72.1313131313131,0.0126533540454687,0.00685681002557728,0.0182142129597332,TRUE
"Group","Group (VPT vs FT)","Group(densities)",73.030303030303,0.0124159469264943,0.00660891951905424,0.0179114611946227,TRUE
"Group","Group (VPT vs FT)","Group(densities)",73.9292929292929,0.0121949335223036,0.00637818290324359,0.0178010288539886,TRUE
"Group","Group (VPT vs FT)","Group(densities)",74.8282828282828,0.0119893699497352,0.00626663490873417,0.0174677063331878,TRUE
"Group","Group (VPT vs FT)","Group(densities)",75.7272727272727,0.0117986395586551,0.00615032985016196,0.0172956189876183,TRUE
"Group","Group (VPT vs FT)","Group(densities)",76.6262626262626,0.0116221906052147,0.00603088945706057,0.0171052038048758,TRUE
"Group","Group (VPT vs FT)","Group(densities)",77.5252525252525,0.0114594713455652,0.00592256111316684,0.0168962361267829,TRUE
"Group","Group (VPT vs FT)","Group(densities)",78.4242424242424,0.0113099300358579,0.00576398819196297,0.0167789491899931,TRUE
"Group","Group (VPT vs FT)","Group(densities)",79.3232323232323,0.0111730265930809,0.00564691780540096,0.016645970915526,TRUE
"Group","Group (VPT vs FT)","Group(densities)",80.2222222222222,0.0110497552632142,0.00558264035970175,0.016542924278607,TRUE
"Group","Group (VPT vs FT)","Group(densities)",81.1212121212121,0.0109441589593991,0.00551582114502891,0.016277762188032,TRUE
"Group","Group (VPT vs FT)","Group(densities)",82.020202020202,0.0108606406599499,0.00541045981038594,0.0160288624012381,TRUE
"Group","Group (VPT vs FT)","Group(densities)",82.9191919191919,0.0108036033431811,0.00534799621400037,0.0160148256953573,TRUE
"Group","Group (VPT vs FT)","Group(densities)",83.8181818181818,0.0107774499874073,0.00523317527246865,0.0160223474842926,TRUE
"Group","Group (VPT vs FT)","Group(densities)",84.7171717171717,0.0107864842402911,0.00519774331885507,0.0160549056932776,TRUE
"Group","Group (VPT vs FT)","Group(densities)",85.6161616161616,0.0108312931712094,0.00521305974604965,0.0161152099733675,TRUE
"Group","Group (VPT vs FT)","Group(densities)",86.5151515151515,0.0109077180766653,0.00528398801855741,0.0162917077644927,TRUE
"Group","Group (VPT vs FT)","Group(densities)",87.4141414141414,0.0110112912200798,0.00538775627911884,0.0164643485015261,TRUE
"Group","Group (VPT vs FT)","Group(densities)",88.3131313131313,0.0111375448648741,0.00551902925953568,0.0166454349446988,TRUE
"Group","Group (VPT vs FT)","Group(densities)",89.2121212121212,0.0112820112744694,0.0056906643946416,0.016863262673807,TRUE
"Group","Group (VPT vs FT)","Group(densities)",90.1111111111111,0.0114401620833424,0.00587000431775147,0.017152517846319,TRUE
"Group","Group (VPT vs FT)","Group(densities)",91.010101010101,0.0116064502305071,0.00603210256391324,0.0174278807957406,TRUE
"Group","Group (VPT vs FT)","Group(densities)",91.9090909090909,0.011774483207126,0.00621933083592269,0.0176773608495958,TRUE
"Group","Group (VPT vs FT)","Group(densities)",92.8080808080808,0.0119378429028184,0.00635109692296188,0.0178814408130957,TRUE
"Group","Group (VPT vs FT)","Group(densities)",93.7070707070707,0.0120901112072035,0.00651384832085184,0.0180359529486593,TRUE
"Group","Group (VPT vs FT)","Group(densities)",94.6060606060606,0.0122248700099004,0.00663747515935556,0.0182912624512061,TRUE
"Group","Group (VPT vs FT)","Group(densities)",95.5050505050505,0.0123363398486861,0.00672677059862654,0.0185271432052583,TRUE
"Group","Group (VPT vs FT)","Group(densities)",96.4040404040404,0.0124245638413262,0.00678282990607372,0.0187248491625897,TRUE
"Group","Group (VPT vs FT)","Group(densities)",97.3030303030303,0.0124926988145349,0.0068170909848484,0.0188482923351643,TRUE
"Group","Group (VPT vs FT)","Group(densities)",98.2020202020202,0.0125439309888747,0.00686120622826507,0.018886580353577,TRUE
"Group","Group (VPT vs FT)","Group(densities)",99.1010101010101,0.012581446584908,0.00687480197329223,0.0189035360499592,TRUE
"Group","Group (VPT vs FT)","Group(densities)",100,0.0126084318231971,0.00684884079289234,0.0189012314030181,TRUE
"age_at_5y_mri","Age at MRI","age_at_5y_mri(densities)",11,-0.00758707687405286,-0.0281900518032403,0.0117001676825271,FALSE
"age_at_5y_mri","Age at MRI","age_at_5y_mri(densities)",11.8989898989899,-0.0075330563428311,-0.0269263135965195,0.0108794446477079,FALSE
"age_at_5y_mri","Age at MRI","age_at_5y_mri(densities)",12.7979797979798,-0.00746984998092894,-0.0260542999150253,0.0101467502827783,FALSE
"age_at_5y_mri","Age at MRI","age_at_5y_mri(densities)",13.6969696969697,-0.00739846452574945,-0.0254407903470857,0.00939336739389955,FALSE
"age_at_5y_mri","Age at MRI","age_at_5y_mri(densities)",14.5959595959596,-0.00731990671469568,-0.0241863542202491,0.00903635671754871,FALSE
"age_at_5y_mri","Age at MRI","age_at_5y_mri(densities)",15.4949494949495,-0.00723518328517069,-0.0234563577855109,0.00834418567301285,FALSE
"age_at_5y_mri","Age at MRI","age_at_5y_mri(densities)",16.3939393939394,-0.0071452945094411,-0.0226141496357046,0.0078044209722316,FALSE
"age_at_5y_mri","Age at MRI","age_at_5y_mri(densities)",17.2929292929293,-0.00705055580377363,-0.0222690383575188,0.00715695878777095,FALSE
"age_at_5y_mri","Age at MRI","age_at_5y_mri(densities)",18.1919191919192,-0.0069500019159764,-0.0217227955918893,0.00695063982145506,FALSE
"age_at_5y_mri","Age at MRI","age_at_5y_mri(densities)",19.0909090909091,-0.00684252712407377,-0.0209063536240401,0.00654601733666487,FALSE
"age_at_5y_mri","Age at MRI","age_at_5y_mri(densities)",19.989898989899,-0.00672702570609014,-0.0201828150369479,0.00608512991457851,FALSE
"age_at_5y_mri","Age at MRI","age_at_5y_mri(densities)",20.8888888888889,-0.00660239194004985,-0.0191840861836123,0.00553656399824369,FALSE
"age_at_5y_mri","Age at MRI","age_at_5y_mri(densities)",21.7878787878788,-0.00646757443581394,-0.0182729465604217,0.00570670336112402,FALSE
"age_at_5y_mri","Age at MRI","age_at_5y_mri(densities)",22.6868686868687,-0.00632331602063531,-0.017722650887661,0.00515758221031138,FALSE
"age_at_5y_mri","Age at MRI","age_at_5y_mri(densities)",23.5858585858586,-0.00617252140687192,-0.01703522724601,0.00508469267424314,FALSE
"age_at_5y_mri","Age at MRI","age_at_5y_mri(densities)",24.4848484848485,-0.00601822397419835,-0.0164243165166665,0.00475763806270855,FALSE
"age_at_5y_mri","Age at MRI","age_at_5y_mri(densities)",25.3838383838384,-0.0058634571022892,-0.0160801930121758,0.00449979836548403,FALSE
"age_at_5y_mri","Age at MRI","age_at_5y_mri(densities)",26.2828282828283,-0.00571125417081906,-0.0151897068995388,0.00445590316790277,FALSE
"age_at_5y_mri","Age at MRI","age_at_5y_mri(densities)",27.1818181818182,-0.00556449201418276,-0.0146314715119319,0.00410198810435498,FALSE
"age_at_5y_mri","Age at MRI","age_at_5y_mri(densities)",28.0808080808081,-0.00542364342531087,-0.0141265665435128,0.00392305226311222,FALSE
"age_at_5y_mri","Age at MRI","age_at_5y_mri(densities)",28.979797979798,-0.00528729850941576,-0.0135749531577361,0.00362894332833138,FALSE
"age_at_5y_mri","Age at MRI","age_at_5y_mri(densities)",29.8787878787879,-0.0051539970542985,-0.013312047644523,0.00338567267462346,FALSE
"age_at_5y_mri","Age at MRI","age_at_5y_mri(densities)",30.7777777777778,-0.00502227884776017,-0.0129138184358099,0.00319003509896012,FALSE
"age_at_5y_mri","Age at MRI","age_at_5y_mri(densities)",31.6767676767677,-0.00489068367760182,-0.0125292521964508,0.00305022442441987,FALSE
"age_at_5y_mri","Age at MRI","age_at_5y_mri(densities)",32.5757575757576,-0.00475783768264735,-0.012191919750438,0.00279984418012441,FALSE
"age_at_5y_mri","Age at MRI","age_at_5y_mri(densities)",33.4747474747475,-0.00462309813471291,-0.011845787662564,0.00267292218477492,FALSE
"age_at_5y_mri","Age at MRI","age_at_5y_mri(densities)",34.3737373737374,-0.00448619026921577,-0.0114398895854216,0.00248552652135192,FALSE
"age_at_5y_mri","Age at MRI","age_at_5y_mri(densities)",35.2727272727273,-0.00434684211808131,-0.0111053738259357,0.00242193714523394,FALSE
"age_at_5y_mri","Age at MRI","age_at_5y_mri(densities)",36.1717171717172,-0.0042047817132349,-0.0107815405206924,0.00234485032084057,FALSE
"age_at_5y_mri","Age at MRI","age_at_5y_mri(densities)",37.0707070707071,-0.00405973708660195,-0.0104255496199267,0.00226874092027858,FALSE
"age_at_5y_mri","Age at MRI","age_at_5y_mri(densities)",37.969696969697,-0.00391165205577395,-0.0100086771590061,0.00219753763844114,FALSE
"age_at_5y_mri","Age at MRI","age_at_5y_mri(densities)",38.8686868686869,-0.00376155834833991,-0.00965941325657593,0.00208972091483307,FALSE
"age_at_5y_mri","Age at MRI","age_at_5y_mri(densities)",39.7676767676768,-0.0036108297686751,-0.00927054466455588,0.00213967193589526,FALSE
"age_at_5y_mri","Age at MRI","age_at_5y_mri(densities)",40.6666666666667,-0.00346084024581602,-0.00892965699694625,0.00214423014818662,FALSE
"age_at_5y_mri","Age at MRI","age_at_5y_mri(densities)",41.5656565656566,-0.00331296370879918,-0.00860569596031014,0.00212582915413211,FALSE
"age_at_5y_mri","Age at MRI","age_at_5y_mri(densities)",42.4646464646465,-0.00316857392997685,-0.00823453708780367,0.00211630265314032,FALSE
"age_at_5y_mri","Age at MRI","age_at_5y_mri(densities)",43.3636363636364,-0.00302874864456172,-0.0078843282244009,0.00208119831800152,FALSE
"age_at_5y_mri","Age at MRI","age_at_5y_mri(densities)",44.2626262626263,-0.00289365428012811,-0.00759298346900903,0.00208749762707796,FALSE
"age_at_5y_mri","Age at MRI","age_at_5y_mri(densities)",45.1616161616162,-0.0027632824740935,-0.00723495788702699,0.00200183629297266,FALSE
"age_at_5y_mri","Age at MRI","age_at_5y_mri(densities)",46.0606060606061,-0.00263762486387537,-0.00693039818704207,0.00197715941270504,FALSE
"age_at_5y_mri","Age at MRI","age_at_5y_mri(densities)",46.959595959596,-0.0025166730868912,-0.00668577643813646,0.00196901822780269,FALSE
"age_at_5y_mri","Age at MRI","age_at_5y_mri(densities)",47.8585858585859,-0.00240041971074859,-0.00650314726712045,0.00196042217262904,FALSE
"age_at_5y_mri","Age at MRI","age_at_5y_mri(densities)",48.7575757575758,-0.00228896683040288,-0.0062993354093716,0.00195298829314121,FALSE
"age_at_5y_mri","Age at MRI","age_at_5y_mri(densities)",49.6565656565657,-0.00218262765097009,-0.00604261349100268,0.00191655277946105,FALSE
"age_at_5y_mri","Age at MRI","age_at_5y_mri(densities)",50.5555555555556,-0.00208173940982314,-0.00575892530863781,0.00192352962514883,FALSE
"age_at_5y_mri","Age at MRI","age_at_5y_mri(densities)",51.4545454545455,-0.00198663934433494,-0.0054489129795641,0.00182091292169738,FALSE
"age_at_5y_mri","Age at MRI","age_at_5y_mri(densities)",52.3535353535354,-0.00189766469187839,-0.00531545523848352,0.00176727185385589,FALSE
"age_at_5y_mri","Age at MRI","age_at_5y_mri(densities)",53.2525252525253,-0.00181514275377998,-0.00510920298055539,0.00173243149120199,FALSE
"age_at_5y_mri","Age at MRI","age_at_5y_mri(densities)",54.1515151515152,-0.0017390518714272,-0.00488125207689606,0.00169739622918734,FALSE
"age_at_5y_mri","Age at MRI","age_at_5y_mri(densities)",55.0505050505051,-0.00166893754727445,-0.00473225089937982,0.00171342680816405,FALSE
"age_at_5y_mri","Age at MRI","age_at_5y_mri(densities)",55.9494949494949,-0.00160431832753914,-0.00459242510638327,0.00173615051721054,FALSE
"age_at_5y_mri","Age at MRI","age_at_5y_mri(densities)",56.8484848484849,-0.00154471275843869,-0.00458880606827863,0.00173646958244423,FALSE
"age_at_5y_mri","Age at MRI","age_at_5y_mri(densities)",57.7474747474747,-0.00148963938619053,-0.00443939227693115,0.00173034564730609,FALSE
"age_at_5y_mri","Age at MRI","age_at_5y_mri(densities)",58.6464646464647,-0.0014386228107749,-0.004299752813787,0.00173363319154425,FALSE
"age_at_5y_mri","Age at MRI","age_at_5y_mri(densities)",59.5454545454545,-0.00139128483803404,-0.00416920566974551,0.00172660859329878,FALSE
"age_at_5y_mri","Age at MRI","age_at_5y_mri(densities)",60.4444444444444,-0.00134732564234189,-0.00406994534546362,0.00166220438326191,FALSE
"age_at_5y_mri","Age at MRI","age_at_5y_mri(densities)",61.3434343434343,-0.00130644762948434,-0.00398603271175702,0.00166667733772208,FALSE
"age_at_5y_mri","Age at MRI","age_at_5y_mri(densities)",62.2424242424242,-0.00126835320524727,-0.00391740111030392,0.00163108335463342,FALSE
"age_at_5y_mri","Age at MRI","age_at_5y_mri(densities)",63.1414141414141,-0.00123274477541654,-0.00380725035253493,0.00161580011471817,FALSE
"age_at_5y_mri","Age at MRI","age_at_5y_mri(densities)",64.040404040404,-0.0011993429291905,-0.00373173354002093,0.00159843727626054,FALSE
"age_at_5y_mri","Age at MRI","age_at_5y_mri(densities)",64.9393939393939,-0.00116802798704646,-0.00363443626028602,0.00156933122977826,FALSE
"age_at_5y_mri","Age at MRI","age_at_5y_mri(densities)",65.8383838383838,-0.00113876314061898,-0.00355169936654143,0.00150257170527184,FALSE
"age_at_5y_mri","Age at MRI","age_at_5y_mri(densities)",66.7373737373737,-0.00111151228534799,-0.00346775632618052,0.00143419886395635,FALSE
"age_at_5y_mri","Age at MRI","age_at_5y_mri(densities)",67.6363636363636,-0.0010862393166734,-0.00338860941337958,0.00138413418640194,FALSE
"age_at_5y_mri","Age at MRI","age_at_5y_mri(densities)",68.5353535353535,-0.00106290813003513,-0.0033235420207922,0.00131858659742751,FALSE
"age_at_5y_mri","Age at MRI","age_at_5y_mri(densities)",69.4343434343434,-0.00104145542273986,-0.00328010856355552,0.00133319551751535,FALSE
"age_at_5y_mri","Age at MRI","age_at_5y_mri(densities)",70.3333333333333,-0.00102167608853375,-0.00325841765090647,0.00131346306900721,FALSE
"age_at_5y_mri","Age at MRI","age_at_5y_mri(densities)",71.2323232323232,-0.0010033189564548,-0.00325620361518838,0.00130042122438177,FALSE
"age_at_5y_mri","Age at MRI","age_at_5y_mri(densities)",72.1313131313131,-0.000986132831160237,-0.00323359267323983,0.00128335394730456,FALSE
"age_at_5y_mri","Age at MRI","age_at_5y_mri(densities)",73.030303030303,-0.000969866517307272,-0.00318432899405402,0.0012471970000162,FALSE
"age_at_5y_mri","Age at MRI","age_at_5y_mri(densities)",73.9292929292929,-0.000954268835222,-0.00313428344926464,0.00126225488391535,FALSE
"age_at_5y_mri","Age at MRI","age_at_5y_mri(densities)",74.8282828282828,-0.000939131601406565,-0.00310731533482073,0.00125907058161889,FALSE
"age_at_5y_mri","Age at MRI","age_at_5y_mri(densities)",75.7272727272727,-0.000924383373503293,-0.0031076772942973,0.00121781023784143,FALSE
"age_at_5y_mri","Age at MRI","age_at_5y_mri(densities)",76.6262626262626,-0.000909979831598549,-0.0030944417237386,0.00119532886023069,FALSE
"age_at_5y_mri","Age at MRI","age_at_5y_mri(densities)",77.5252525252525,-0.000895876655778693,-0.00306858162971467,0.00119663888162669,FALSE
"age_at_5y_mri","Age at MRI","age_at_5y_mri(densities)",78.4242424242424,-0.000882029526130087,-0.00313389238954909,0.00119063745938391,FALSE
"age_at_5y_mri","Age at MRI","age_at_5y_mri(densities)",79.3232323232323,-0.000868394912681953,-0.00311032170522519,0.00120110110338236,FALSE
"age_at_5y_mri","Age at MRI","age_at_5y_mri(densities)",80.2222222222222,-0.000855033225879914,-0.00309319427815588,0.00120476559586464,FALSE
"age_at_5y_mri","Age at MRI","age_at_5y_mri(densities)",81.1212121212121,-0.000842211402759288,-0.00305566209849782,0.0012010819721268,FALSE
"age_at_5y_mri","Age at MRI","age_at_5y_mri(densities)",82.020202020202,-0.000830220772336665,-0.00301135001662111,0.00121266353730779,FALSE
"age_at_5y_mri","Age at MRI","age_at_5y_mri(densities)",82.9191919191919,-0.000819352663628641,-0.00296955539796275,0.00125020888319559,FALSE
"age_at_5y_mri","Age at MRI","age_at_5y_mri(densities)",83.8181818181818,-0.000809898405651808,-0.00293351724076056,0.00124736395782354,FALSE
"age_at_5y_mri","Age at MRI","age_at_5y_mri(densities)",84.7171717171717,-0.000802143708491648,-0.00290946558702271,0.0012369123463277,FALSE
"age_at_5y_mri","Age at MRI","age_at_5y_mri(densities)",85.6161616161616,-0.000796164043027842,-0.0029168530082849,0.00123767758320951,FALSE
"age_at_5y_mri","Age at MRI","age_at_5y_mri(densities)",86.5151515151515,-0.000791766421508674,-0.00292478307761245,0.00126798945894459,FALSE
"age_at_5y_mri","Age at MRI","age_at_5y_mri(densities)",87.4141414141414,-0.000788740374815251,-0.00294099820294726,0.00125910135225984,FALSE
"age_at_5y_mri","Age at MRI","age_at_5y_mri(densities)",88.3131313131313,-0.000786875433828676,-0.0029633596403976,0.00127618767753979,FALSE
"age_at_5y_mri","Age at MRI","age_at_5y_mri(densities)",89.2121212121212,-0.000785961129430055,-0.00302060344950409,0.00129687378529547,FALSE
"age_at_5y_mri","Age at MRI","age_at_5y_mri(densities)",90.1111111111111,-0.000785785137044517,-0.00309269504178848,0.00128835555949126,FALSE
"age_at_5y_mri","Age at MRI","age_at_5y_mri(densities)",91.010101010101,-0.00078610395648286,-0.00314650691494107,0.00128458156032981,FALSE
"age_at_5y_mri","Age at MRI","age_at_5y_mri(densities)",91.9090909090909,-0.000786648213919352,-0.00320731466026297,0.00128476005466302,FALSE
"age_at_5y_mri","Age at MRI","age_at_5y_mri(densities)",92.8080808080808,-0.000787147752032238,-0.00326553835508792,0.00128901435413409,FALSE
"age_at_5y_mri","Age at MRI","age_at_5y_mri(densities)",93.7070707070707,-0.00078733241349976,-0.00329830217053787,0.00129746777038626,FALSE
"age_at_5y_mri","Age at MRI","age_at_5y_mri(densities)",94.6060606060606,-0.000786932041000164,-0.00331879167179304,0.00131024361506272,FALSE
"age_at_5y_mri","Age at MRI","age_at_5y_mri(densities)",95.5050505050505,-0.000785710056272258,-0.00331446024814184,0.00132799386653886,FALSE
"age_at_5y_mri","Age at MRI","age_at_5y_mri(densities)",96.4040404040404,-0.000783736022650522,-0.00328724173950147,0.00134929144342404,FALSE
"age_at_5y_mri","Age at MRI","age_at_5y_mri(densities)",97.3030303030303,-0.000781243217120069,-0.00325466118596046,0.00137239667252303,FALSE
"age_at_5y_mri","Age at MRI","age_at_5y_mri(densities)",98.2020202020202,-0.000778466462145774,-0.00323870620785512,0.00139586505465964,FALSE
"age_at_5y_mri","Age at MRI","age_at_5y_mri(densities)",99.1010101010101,-0.000775640580192512,-0.00322812246607987,0.00141825209065765,FALSE
"age_at_5y_mri","Age at MRI","age_at_5y_mri(densities)",100,-0.000773000393725157,-0.00321665350154737,0.00143811328134088,FALSE
"eTIV","eTIV","eTIV(densities)",11,0.0323960465957623,0.00747815794711065,0.0625816232049855,TRUE
"eTIV","eTIV","eTIV(densities)",11.8989898989899,0.0320513568094894,0.00745963424655136,0.0603943770747703,TRUE
"eTIV","eTIV","eTIV(densities)",12.7979797979798,0.0316286872304065,0.00783482240681664,0.0579555151641037,TRUE
"eTIV","eTIV","eTIV(densities)",13.6969696969697,0.031128503307301,0.0084244059804447,0.0563348409174551,TRUE
"eTIV","eTIV","eTIV(densities)",14.5959595959596,0.0305512704889602,0.00849899815641752,0.0548481032021157,TRUE
"eTIV","eTIV","eTIV(densities)",15.4949494949495,0.0298974542241713,0.00921247667357194,0.0525437835869908,TRUE
"eTIV","eTIV","eTIV(densities)",16.3939393939394,0.0291675540735913,0.00959929088143924,0.051015052960106,TRUE
"eTIV","eTIV","eTIV(densities)",17.2929292929293,0.0283656830898469,0.00848370638943501,0.0491928110567164,TRUE
"eTIV","eTIV","eTIV(densities)",18.1919191919192,0.0275027114908551,0.00835298407800186,0.0473311319924451,TRUE
"eTIV","eTIV","eTIV(densities)",19.0909090909091,0.0265902506524341,0.00818467833833331,0.045718885088161,TRUE
"eTIV","eTIV","eTIV(densities)",19.989898989899,0.025639911950402,0.00807806600191728,0.0443439122463192,TRUE
"eTIV","eTIV","eTIV(densities)",20.8888888888889,0.0246633067605771,0.00789339983007896,0.0428744366593005,TRUE
"eTIV","eTIV","eTIV(densities)",21.7878787878788,0.0236721668879724,0.00751740445969063,0.0411625755850621,TRUE
"eTIV","eTIV","eTIV(densities)",22.6868686868687,0.0226822011089144,0.00739127070995461,0.0397434120963844,TRUE
"eTIV","eTIV","eTIV(densities)",23.5858585858586,0.0217139101246579,0.00711454770283229,0.0381049826715276,TRUE
"eTIV","eTIV","eTIV(densities)",24.4848484848485,0.0207880798339087,0.00670396436259129,0.0364038380996231,TRUE
"eTIV","eTIV","eTIV(densities)",25.3838383838384,0.0199254961353726,0.00629387261687876,0.0353700348038405,TRUE
"eTIV","eTIV","eTIV(densities)",26.2828282828283,0.0191469449277557,0.00624844124431207,0.0339421462641847,TRUE
"eTIV","eTIV","eTIV(densities)",27.1818181818182,0.0184719445132704,0.00631457614395221,0.0328371948102971,TRUE
"eTIV","eTIV","eTIV(densities)",28.0808080808081,0.0179005469123288,0.00639842942113203,0.0318341529713629,TRUE
"eTIV","eTIV","eTIV(densities)",28.979797979798,0.0174175594292226,0.00649252602106406,0.0309204711077923,TRUE
"eTIV","eTIV","eTIV(densities)",29.8787878787879,0.0170073819322979,0.00658920953254094,0.0300957923681394,TRUE
"eTIV","eTIV","eTIV(densities)",30.7777777777778,0.0166544142899003,0.0067172684931199,0.0293613812881409,TRUE
"eTIV","eTIV","eTIV(densities)",31.6767676767677,0.0163430563703759,0.00678353926780222,0.0286706861908873,TRUE
"eTIV","eTIV","eTIV(densities)",32.5757575757576,0.0160584650499434,0.00677979914515592,0.028010252932434,TRUE
"eTIV","eTIV","eTIV(densities)",33.4747474747475,0.0157922067806809,0.00692039527823626,0.027496327203285,TRUE
"eTIV","eTIV","eTIV(densities)",34.3737373737374,0.0155390738171393,0.00702369319744076,0.0270293248676794,TRUE
"eTIV","eTIV","eTIV(densities)",35.2727272727273,0.015293882929835,0.00711843193113299,0.0265546114759335,TRUE
"eTIV","eTIV","eTIV(densities)",36.1717171717172,0.0150514508892843,0.00703512867066958,0.0259751581845006,TRUE
"eTIV","eTIV","eTIV(densities)",37.0707070707071,0.0148065944660034,0.00704884672839753,0.0254681745720926,TRUE
"eTIV","eTIV","eTIV(densities)",37.969696969697,0.0145550077880829,0.0070160532627483,0.0249217507338912,TRUE
"eTIV","eTIV","eTIV(densities)",38.8686868686869,0.0142968082898206,0.00702153549112564,0.0243864540931307,TRUE
"eTIV","eTIV","eTIV(densities)",39.7676767676768,0.0140335042470137,0.00712004897589158,0.0239239765346287,TRUE
"eTIV","eTIV","eTIV(densities)",40.6666666666667,0.0137666044423162,0.00694754619516624,0.0234426694538821,TRUE
"eTIV","eTIV","eTIV(densities)",41.5656565656566,0.0134976176583825,0.00691623815677543,0.0229230360258168,TRUE
"eTIV","eTIV","eTIV(densities)",42.4646464646465,0.0132280525381131,0.00691765684781457,0.0223807379070807,TRUE
"eTIV","eTIV","eTIV(densities)",43.3636363636364,0.012959153675931,0.00682421819518383,0.0219611494936675,TRUE
"eTIV","eTIV","eTIV(densities)",44.2626262626263,0.0126913528311029,0.00672989336238213,0.0215429460809206,TRUE
"eTIV","eTIV","eTIV(densities)",45.1616161616162,0.0124249258599067,0.00664562614672537,0.020958633899242,TRUE
"eTIV","eTIV","eTIV(densities)",46.0606060606061,0.0121601486186203,0.00656834311655439,0.0203867139466218,TRUE
"eTIV","eTIV","eTIV(densities)",46.959595959596,0.0118972969635216,0.00647831439605942,0.0198410793965601,TRUE
"eTIV","eTIV","eTIV(densities)",47.8585858585859,0.0116366519617916,0.00642281534354968,0.0193344604836743,TRUE
"eTIV","eTIV","eTIV(densities)",48.7575757575758,0.0113791082502091,0.00634847977668341,0.0188737266105777,TRUE
"eTIV","eTIV","eTIV(densities)",49.6565656565657,0.0111267430996538,0.00623491153503763,0.0184551768701478,TRUE
"eTIV","eTIV","eTIV(densities)",50.5555555555556,0.0108817684091373,0.00616241214245443,0.0180694706933341,TRUE
"eTIV","eTIV","eTIV(densities)",51.4545454545455,0.0106463960776711,0.00604269482247933,0.0176304547449112,TRUE
"eTIV","eTIV","eTIV(densities)",52.3535353535354,0.0104228380042668,0.0059175353317273,0.0170949614052805,TRUE
"eTIV","eTIV","eTIV(densities)",53.2525252525253,0.0102132686705287,0.00585489712398524,0.0166886910114342,TRUE
"eTIV","eTIV","eTIV(densities)",54.1515151515152,0.0100185484361758,0.00578645005644404,0.0163369154600835,TRUE
"eTIV","eTIV","eTIV(densities)",55.0505050505051,0.00983790766547076,0.00570090946123367,0.0159210448650229,TRUE
"eTIV","eTIV","eTIV(densities)",55.9494949494949,0.0096704752102188,0.00562991289459654,0.0155227338276013,TRUE
"eTIV","eTIV","eTIV(densities)",56.8484848484849,0.00951537992222512,0.00548191048036086,0.0154085124382564,TRUE
"eTIV","eTIV","eTIV(densities)",57.7474747474747,0.00937175065329493,0.00541566745519559,0.015255177314972,TRUE
"eTIV","eTIV","eTIV(densities)",58.6464646464647,0.00923863975275634,0.00535422064003209,0.0149996706577647,TRUE
"eTIV","eTIV","eTIV(densities)",59.5454545454545,0.00911387116218152,0.00529608323141557,0.0147384725572699,TRUE
"eTIV","eTIV","eTIV(densities)",60.4444444444444,0.00899427846607729,0.0052894280005486,0.01444541707784,TRUE
"eTIV","eTIV","eTIV(densities)",61.3434343434343,0.00887666705020131,0.00524893523804103,0.0141476674195377,TRUE
"eTIV","eTIV","eTIV(densities)",62.2424242424242,0.00875784230031125,0.00518672870735744,0.0138980414686945,TRUE
"eTIV","eTIV","eTIV(densities)",63.1414141414141,0.00863460960216478,0.00511256271367327,0.0136789498689187,TRUE
"eTIV","eTIV","eTIV(densities)",64.040404040404,0.00850418950137068,0.00503792784409954,0.0133690052060076,TRUE
"eTIV","eTIV","eTIV(densities)",64.9393939393939,0.00836744949452219,0.00496240925391613,0.0130562814919875,TRUE
"eTIV","eTIV","eTIV(densities)",65.8383838383838,0.00822714917505547,0.00492204794459133,0.0127585577429615,TRUE
"eTIV","eTIV","eTIV(densities)",66.7373737373737,0.00808606420554229,0.00487381756967468,0.0125126799484713,TRUE
"eTIV","eTIV","eTIV(densities)",67.6363636363636,0.00794697024855438,0.0048156988010116,0.0122616516851753,TRUE
"eTIV","eTIV","eTIV(densities)",68.5353535353535,0.0078126429666635,0.00475008403694102,0.0120430676649379,TRUE
"eTIV","eTIV","eTIV(densities)",69.4343434343434,0.00768531102945085,0.00463653819568606,0.0118427197970931,TRUE
"eTIV","eTIV","eTIV(densities)",70.3333333333333,0.00756435123600662,0.00456220739417171,0.0115644287631425,TRUE
"eTIV","eTIV","eTIV(densities)",71.2323232323232,0.00744821395888054,0.00451118508476909,0.0113925683372992,TRUE
"eTIV","eTIV","eTIV(densities)",72.1313131313131,0.00733534908029055,0.00445948343405713,0.0111937853800393,TRUE
"eTIV","eTIV","eTIV(densities)",73.030303030303,0.00722420648245462,0.00440923524761987,0.0110286204738237,TRUE
"eTIV","eTIV","eTIV(densities)",73.9292929292929,0.00711323617715646,0.00430414358011646,0.010832648430601,TRUE
"eTIV","eTIV","eTIV(densities)",74.8282828282828,0.00700124371123609,0.00421706648159529,0.0106167925348257,TRUE
"eTIV","eTIV","eTIV(densities)",75.7272727272727,0.006888165342993,0.00413900128351183,0.0104786264144692,TRUE
"eTIV","eTIV","eTIV(densities)",76.6262626262626,0.00677416160601233,0.00404716212955796,0.0103246822992159,TRUE
"eTIV","eTIV","eTIV(densities)",77.5252525252525,0.00665939303387921,0.00395283357524226,0.0101359905234682,TRUE
"eTIV","eTIV","eTIV(densities)",78.4242424242424,0.00654402016017879,0.00383690635980564,0.0100211391176884,TRUE
"eTIV","eTIV","eTIV(densities)",79.3232323232323,0.00642820839956427,0.00373748940906851,0.00990513500585432,TRUE
"eTIV","eTIV","eTIV(densities)",80.2222222222222,0.0063127654159893,0.00361577121781321,0.00978904776399371,TRUE
"eTIV","eTIV","eTIV(densities)",81.1212121212121,0.00619977500412097,0.0034993452114785,0.0096607598077699,TRUE
"eTIV","eTIV","eTIV(densities)",82.020202020202,0.00609147167702307,0.00337638247852441,0.00957946590198024,TRUE
"eTIV","eTIV","eTIV(densities)",82.9191919191919,0.00599008994775939,0.00325750632409168,0.0094873167301218,TRUE
"eTIV","eTIV","eTIV(densities)",83.8181818181818,0.00589786432939373,0.00312700246339929,0.00940672978834776,TRUE
"eTIV","eTIV","eTIV(densities)",84.7171717171717,0.00581703299026604,0.00300220592396834,0.00936955905166634,TRUE
"eTIV","eTIV","eTIV(densities)",85.6161616161616,0.00574997086536191,0.00286878799988786,0.00932939480330842,TRUE
"eTIV","eTIV","eTIV(densities)",86.5151515151515,0.00569922752972207,0.0027476539633358,0.00928503576635203,TRUE
"eTIV","eTIV","eTIV(densities)",87.4141414141414,0.00566736393051906,0.00264254531411327,0.00928086004372694,TRUE
"eTIV","eTIV","eTIV(densities)",88.3131313131313,0.00565694101492537,0.002600910873161,0.00927876151826004,TRUE
"eTIV","eTIV","eTIV(densities)",89.2121212121212,0.00567051973011352,0.0024963171201952,0.00933012722686813,TRUE
"eTIV","eTIV","eTIV(densities)",90.1111111111111,0.00571035452303313,0.00249870679578853,0.00944258448837822,TRUE
"eTIV","eTIV","eTIV(densities)",91.010101010101,0.00577354998374836,0.00253634326534447,0.00955238864966507,TRUE
"eTIV","eTIV","eTIV(densities)",91.9090909090909,0.00585293667186345,0.00254935579831216,0.00969156626464062,TRUE
"eTIV","eTIV","eTIV(densities)",92.8080808080808,0.00594121572235119,0.00257715349636326,0.00984618086046138,TRUE
"eTIV","eTIV","eTIV(densities)",93.7070707070707,0.00603108827018434,0.00257834707825573,0.00995176025351562,TRUE
"eTIV","eTIV","eTIV(densities)",94.6060606060606,0.00611525545033568,0.00258420613505163,0.0100770802640727,TRUE
"eTIV","eTIV","eTIV(densities)",95.5050505050505,0.00618701102642165,0.00263682288546195,0.0101830579227339,TRUE
"eTIV","eTIV","eTIV(densities)",96.4040404040404,0.00624505178035504,0.00264621917302924,0.0102676026694665,TRUE
"eTIV","eTIV","eTIV(densities)",97.3030303030303,0.00629096383630809,0.00265507085704042,0.0103107536531223,TRUE
"eTIV","eTIV","eTIV(densities)",98.2020202020202,0.00632636059424809,0.00266499585070164,0.0103538499344714,TRUE
"eTIV","eTIV","eTIV(densities)",99.1010101010101,0.00635285545414235,0.00266865838442531,0.0103977821456878,TRUE
"eTIV","eTIV","eTIV(densities)",100,0.00637206181595817,0.00267244445035858,0.0104294889339985,TRUE
"sex","Sex","sex(densities)",11,0.00346823836923766,-0.0396152252131922,0.0639658632380896,FALSE
"sex","Sex","sex(densities)",11.8989898989899,0.00253271734447461,-0.0404306480334237,0.0569995687826918,FALSE
"sex","Sex","sex(densities)",12.7979797979798,0.00145800926473666,-0.0407429346968926,0.0502713939044138,FALSE
"sex","Sex","sex(densities)",13.6969696969697,0.000299313991779,-0.0406788853452927,0.0441338768706669,FALSE
"sex","Sex","sex(densities)",14.5959595959596,-0.000888168612643149,-0.0415130880289827,0.0381375601922633,FALSE
"sex","Sex","sex(densities)",15.4949494949495,-0.00204923868677459,-0.0412219899029805,0.033549969606128,FALSE
"sex","Sex","sex(densities)",16.3939393939394,-0.00312881833691758,-0.0407727525020084,0.030245537158157,FALSE
"sex","Sex","sex(densities)",17.2929292929293,-0.00408474982300572,-0.0412491147828255,0.0273518362192602,FALSE
"sex","Sex","sex(densities)",18.1919191919192,-0.00489903586094971,-0.0408342398811177,0.0251052006321043,FALSE
"sex","Sex","sex(densities)",19.0909090909091,-0.00555632919993255,-0.0405260482034185,0.0235744210489881,FALSE
"sex","Sex","sex(densities)",19.989898989899,-0.00604128258913721,-0.0402414652773752,0.0223293072919245,FALSE
"sex","Sex","sex(densities)",20.8888888888889,-0.00633854877774668,-0.0396730101641691,0.0211091834188934,FALSE
"sex","Sex","sex(densities)",21.7878787878788,-0.00643360708616076,-0.0382428048196876,0.0208660368245864,FALSE
"sex","Sex","sex(densities)",22.6868686868687,-0.00633923295699071,-0.0362965665121429,0.0204586809544078,FALSE
"sex","Sex","sex(densities)",23.5858585858586,-0.00610109142599304,-0.0346759566301031,0.019935461508099,FALSE
"sex","Sex","sex(densities)",24.4848484848485,-0.005766804994511,-0.0330150950965398,0.0193809491330483,FALSE
"sex","Sex","sex(densities)",25.3838383838384,-0.00538399616388783,-0.0310703800147792,0.0194707035678,FALSE
"sex","Sex","sex(densities)",26.2828282828283,-0.0050002874354668,-0.0294722733715062,0.0189627329184045,FALSE
"sex","Sex","sex(densities)",27.1818181818182,-0.00466135307179931,-0.0279834750350707,0.0188811617278314,FALSE
"sex","Sex","sex(densities)",28.0808080808081,-0.00438294853593531,-0.0264497400652925,0.0180746720433628,FALSE
"sex","Sex","sex(densities)",28.979797979798,-0.00415739884798073,-0.02497984323843,0.0175615537490104,FALSE
"sex","Sex","sex(densities)",29.8787878787879,-0.00397640281731964,-0.0238592691360173,0.016793540257272,FALSE
"sex","Sex","sex(densities)",30.7777777777778,-0.00383165925333611,-0.0230065716400043,0.0157161225857263,FALSE
"sex","Sex","sex(densities)",31.6767676767677,-0.00371486696541423,-0.0219816249684254,0.0151289572795371,FALSE
"sex","Sex","sex(densities)",32.5757575757576,-0.00361773446059655,-0.0212246831838518,0.0141769895044861,FALSE
"sex","Sex","sex(densities)",33.4747474747475,-0.00353205235587441,-0.0204998701064573,0.0138905252619687,FALSE
"sex","Sex","sex(densities)",34.3737373737374,-0.0034496525924206,-0.0198080201173272,0.0133588281403933,FALSE
"sex","Sex","sex(densities)",35.2727272727273,-0.00336236742546996,-0.0193937314736244,0.0129911776024855,FALSE
"sex","Sex","sex(densities)",36.1717171717172,-0.00326202911025735,-0.0192075662977036,0.0127335917780277,FALSE
"sex","Sex","sex(densities)",37.0707070707071,-0.00314046990201763,-0.0185664042693674,0.0122935126177397,FALSE
"sex","Sex","sex(densities)",37.969696969697,-0.00299179434231701,-0.0175345100732276,0.0122040294261849,FALSE
"sex","Sex","sex(densities)",38.8686868686869,-0.00282156298396346,-0.0169005135622264,0.0119647659823528,FALSE
"sex","Sex","sex(densities)",39.7676767676768,-0.00263893854861902,-0.0162598176211399,0.0115655553311805,FALSE
"sex","Sex","sex(densities)",40.6666666666667,-0.00245308507066508,-0.015622794876896,0.0112416988839896,FALSE
"sex","Sex","sex(densities)",41.5656565656566,-0.00227316658448306,-0.0150591515733031,0.0111939870335296,FALSE
"sex","Sex","sex(densities)",42.4646464646465,-0.00210834571719575,-0.0145719290732085,0.0107761737267822,FALSE
"sex","Sex","sex(densities)",43.3636363636364,-0.00196512623958283,-0.0141697923360973,0.010489629870369,FALSE
"sex","Sex","sex(densities)",44.2626262626263,-0.00184182701664524,-0.0137208585116356,0.0101389538437799,FALSE
"sex","Sex","sex(densities)",45.1616161616162,-0.00173519703631435,-0.0133425034281579,0.00982180387595293,FALSE
"sex","Sex","sex(densities)",46.0606060606061,-0.00164198528652153,-0.0130676585870238,0.00938097481142908,FALSE
"sex","Sex","sex(densities)",46.959595959596,-0.00155894075519814,-0.0127570573976211,0.00898486059778892,FALSE
"sex","Sex","sex(densities)",47.8585858585859,-0.0014828232476598,-0.0122292959091036,0.00891010304392531,FALSE
"sex","Sex","sex(densities)",48.7575757575758,-0.00141166628668525,-0.0117803060053442,0.00860391120796173,FALSE
"sex","Sex","sex(densities)",49.6565656565657,-0.00134595844124877,-0.0113278268925143,0.00844226928590003,FALSE
"sex","Sex","sex(densities)",50.5555555555556,-0.00128646775669202,-0.0109148167305463,0.00822426082084498,FALSE
"sex","Sex","sex(densities)",51.4545454545455,-0.00123396227835667,-0.0105561301583216,0.00795603348217989,FALSE
"sex","Sex","sex(densities)",52.3535353535354,-0.00118921005158437,-0.0102444498954862,0.00787298666179084,FALSE
"sex","Sex","sex(densities)",53.2525252525253,-0.00115295393814269,-0.00998968254091791,0.00777807029532942,FALSE
"sex","Sex","sex(densities)",54.1515151515152,-0.00112505233749997,-0.00977539146850987,0.00756625859068101,FALSE
"sex","Sex","sex(densities)",55.0505050505051,-0.00110426658990595,-0.0095960575008274,0.00740532459836042,FALSE
"sex","Sex","sex(densities)",55.9494949494949,-0.00108928971322526,-0.0094179055507539,0.00718071280676688,FALSE
"sex","Sex","sex(densities)",56.8484848484849,-0.00107881472532255,-0.00897418917106284,0.00697540470346231,FALSE
"sex","Sex","sex(densities)",57.7474747474747,-0.00107153464406244,-0.00898976936790448,0.00673450718951355,FALSE
"sex","Sex","sex(densities)",58.6464646464647,-0.00106616714576279,-0.00884012084306299,0.00649658299899603,FALSE
"sex","Sex","sex(densities)",59.5454545454545,-0.00106182584993616,-0.00864045840469854,0.00642875462409773,FALSE
"sex","Sex","sex(densities)",60.4444444444444,-0.00105794359024722,-0.00840945891549855,0.00633426416514062,FALSE
"sex","Sex","sex(densities)",61.3434343434343,-0.00105396228944593,-0.00820689261978508,0.00614360863117966,FALSE
"sex","Sex","sex(densities)",62.2424242424242,-0.00104932387028226,-0.00805033405438899,0.00595270970912183,FALSE
"sex","Sex","sex(densities)",63.1414141414141,-0.00104347025550617,-0.00797112018428416,0.00593119108134082,FALSE
"sex","Sex","sex(densities)",64.040404040404,-0.0010359947088202,-0.00783017067451389,0.0057241356568879,FALSE
"sex","Sex","sex(densities)",64.9393939393939,-0.00102781994096891,-0.00771939619741552,0.00566950615135187,FALSE
"sex","Sex","sex(densities)",65.8383838383838,-0.00102055840121041,-0.00761877100130281,0.00565483226182605,FALSE
"sex","Sex","sex(densities)",66.7373737373737,-0.00101582839659056,-0.0075215351776291,0.00551185961604302,FALSE
"sex","Sex","sex(densities)",67.6363636363636,-0.0010152482341552,-0.00742938839495314,0.00535343659335883,FALSE
"sex","Sex","sex(densities)",68.5353535353535,-0.00102043622095019,-0.00734761612767987,0.0053254785221328,FALSE
"sex","Sex","sex(densities)",69.4343434343434,-0.00103299155611986,-0.00736811524146727,0.00507961456788455,FALSE
"sex","Sex","sex(densities)",70.3333333333333,-0.00105441381548352,-0.00721637180735404,0.00508048517112917,FALSE
"sex","Sex","sex(densities)",71.2323232323232,-0.00108617021234873,-0.00705589338459823,0.00500676068361822,FALSE
"sex","Sex","sex(densities)",72.1313131313131,-0.00112972794289443,-0.00699422358931621,0.00487568546790024,FALSE
"sex","Sex","sex(densities)",73.030303030303,-0.00118655420329961,-0.0069459893148148,0.00471305142931541,FALSE
"sex","Sex","sex(densities)",73.9292929292929,-0.00125811573386057,-0.00690337151991068,0.00460010463120134,FALSE
"sex","Sex","sex(densities)",74.8282828282828,-0.00134462830966318,-0.00705788841339639,0.00441324500576241,FALSE
"sex","Sex","sex(densities)",75.7272727272727,-0.00144232924945368,-0.00719234131332789,0.0041934089031478,FALSE
"sex","Sex","sex(densities)",76.6262626262626,-0.00154666674985107,-0.0074503579685114,0.0039546864827726,FALSE
"sex","Sex","sex(densities)",77.5252525252525,-0.00165308900747436,-0.00761600053393958,0.00385526636481239,FALSE
"sex","Sex","sex(densities)",78.4242424242424,-0.00175704421894255,-0.00774675068773099,0.00375337458726585,FALSE
"sex","Sex","sex(densities)",79.3232323232323,-0.00185399031117597,-0.00791617147921063,0.00371450062553744,FALSE
"sex","Sex","sex(densities)",80.2222222222222,-0.00194066552087947,-0.00799461792525607,0.00364782389294862,FALSE
"sex","Sex","sex(densities)",81.1212121212121,-0.00201635202312842,-0.00806061155557235,0.00360918731453832,FALSE
"sex","Sex","sex(densities)",82.020202020202,-0.00208063244679064,-0.00807670865846908,0.00353928819986733,FALSE
"sex","Sex","sex(densities)",82.9191919191919,-0.00213308942073392,-0.00814713675224469,0.00356980578014574,FALSE
"sex","Sex","sex(densities)",83.8181818181818,-0.00217330557382609,-0.00832295060286397,0.00358304669456399,FALSE
"sex","Sex","sex(densities)",84.7171717171717,-0.00220091226759009,-0.00842358413111358,0.00369690670285759,FALSE
"sex","Sex","sex(densities)",85.6161616161616,-0.00221736425566934,-0.0085397485691672,0.00381202924999122,FALSE
"sex","Sex","sex(densities)",86.5151515151515,-0.00222644461744118,-0.00862163900027563,0.00395433474536109,FALSE
"sex","Sex","sex(densities)",87.4141414141414,-0.00223208804714019,-0.00871672657927233,0.00399240555634592,FALSE
"sex","Sex","sex(densities)",88.3131313131313,-0.00223822923900096,-0.00873205534406207,0.00402532477610432,FALSE
"sex","Sex","sex(densities)",89.2121212121212,-0.00224880288725807,-0.0088419255032676,0.00407042720208484,FALSE
"sex","Sex","sex(densities)",90.1111111111111,-0.0022675260870956,-0.00894841494643961,0.00407228025525421,FALSE
"sex","Sex","sex(densities)",91.010101010101,-0.00229445980595387,-0.00903181424548404,0.00410220555562765,FALSE
"sex","Sex","sex(densities)",91.9090909090909,-0.00232663067426344,-0.00924661730151758,0.00415013818472068,FALSE
"sex","Sex","sex(densities)",92.8080808080808,-0.0023609734377683,-0.00947930787625142,0.00415829897015816,FALSE
"sex","Sex","sex(densities)",93.7070707070707,-0.00239442284221244,-0.00952595962437918,0.0041396342466802,FALSE
"sex","Sex","sex(densities)",94.6060606060606,-0.00242391363333984,-0.0096672504632276,0.004099670220508,FALSE
"sex","Sex","sex(densities)",95.5050505050505,-0.00244666575481129,-0.00973543074455776,0.00404589587827237,FALSE
"sex","Sex","sex(densities)",96.4040404040404,-0.0024624993107405,-0.00975558699354938,0.00406166107454456,FALSE
"sex","Sex","sex(densities)",97.3030303030303,-0.00247262487868881,-0.00976146856002416,0.00408658220338716,FALSE
"sex","Sex","sex(densities)",98.2020202020202,-0.00247826616248134,-0.00975851186806152,0.00409407561154145,FALSE
"sex","Sex","sex(densities)",99.1010101010101,-0.00248064686594327,-0.00974844805441423,0.00409424901954057,FALSE
"sex","Sex","sex(densities)",100,-0.00248099069289974,-0.00967275737291927,0.0041285482842339,FALSE
"repol_rel_rms_mean","Motion (eddy relative RMS)","repol_rel_rms_mean(densities)",11,-0.00133581812173129,-0.0163250252341101,0.0245376457826321,FALSE
"repol_rel_rms_mean","Motion (eddy relative RMS)","repol_rel_rms_mean(densities)",11.8989898989899,-0.00136925356509419,-0.0161307505565175,0.021624491050912,FALSE
"repol_rel_rms_mean","Motion (eddy relative RMS)","repol_rel_rms_mean(densities)",12.7979797979798,-0.00140942595264779,-0.0158899915546357,0.0202417886713049,FALSE
"repol_rel_rms_mean","Motion (eddy relative RMS)","repol_rel_rms_mean(densities)",13.6969696969697,-0.00145515401452448,-0.0159765920644451,0.0187182681875421,FALSE
"repol_rel_rms_mean","Motion (eddy relative RMS)","repol_rel_rms_mean(densities)",14.5959595959596,-0.00150525648085665,-0.0158694962292314,0.016944835405997,FALSE
"repol_rel_rms_mean","Motion (eddy relative RMS)","repol_rel_rms_mean(densities)",15.4949494949495,-0.00155855208177671,-0.0158526271391202,0.0154771632852746,FALSE
"repol_rel_rms_mean","Motion (eddy relative RMS)","repol_rel_rms_mean(densities)",16.3939393939394,-0.00161386228215485,-0.0156499328452601,0.0146866713247366,FALSE
"repol_rel_rms_mean","Motion (eddy relative RMS)","repol_rel_rms_mean(densities)",17.2929292929293,-0.00167029823937165,-0.0153690651658795,0.013959557775273,FALSE
"repol_rel_rms_mean","Motion (eddy relative RMS)","repol_rel_rms_mean(densities)",18.1919191919192,-0.00172751283061562,-0.0150830732629779,0.0131846864302521,FALSE
"repol_rel_rms_mean","Motion (eddy relative RMS)","repol_rel_rms_mean(densities)",19.0909090909091,-0.00178521835147017,-0.014736890568656,0.0128321963809894,FALSE
"repol_rel_rms_mean","Motion (eddy relative RMS)","repol_rel_rms_mean(densities)",19.989898989899,-0.00184312709751877,-0.0143082872238595,0.012362142339444,FALSE
"repol_rel_rms_mean","Motion (eddy relative RMS)","repol_rel_rms_mean(densities)",20.8888888888889,-0.00190095136434483,-0.0138634113354878,0.0118102550399943,FALSE
"repol_rel_rms_mean","Motion (eddy relative RMS)","repol_rel_rms_mean(densities)",21.7878787878788,-0.00195839317867889,-0.013553335607942,0.0109540396009391,FALSE
"repol_rel_rms_mean","Motion (eddy relative RMS)","repol_rel_rms_mean(densities)",22.6868686868687,-0.00201481545568026,-0.0135163943378961,0.0104047541708692,FALSE
"repol_rel_rms_mean","Motion (eddy relative RMS)","repol_rel_rms_mean(densities)",23.5858585858586,-0.00206917250882041,-0.013266517098073,0.00962690319527804,FALSE
"repol_rel_rms_mean","Motion (eddy relative RMS)","repol_rel_rms_mean(densities)",24.4848484848485,-0.00212039433312636,-0.0129867655036363,0.00914285461646717,FALSE
"repol_rel_rms_mean","Motion (eddy relative RMS)","repol_rel_rms_mean(densities)",25.3838383838384,-0.00216741092362516,-0.0129048873322173,0.00852877290448072,FALSE
"repol_rel_rms_mean","Motion (eddy relative RMS)","repol_rel_rms_mean(densities)",26.2828282828283,-0.00220915227534386,-0.012832126603971,0.00793425227092814,FALSE
"repol_rel_rms_mean","Motion (eddy relative RMS)","repol_rel_rms_mean(densities)",27.1818181818182,-0.00224459801584555,-0.0128258982939376,0.00738031769455483,FALSE
"repol_rel_rms_mean","Motion (eddy relative RMS)","repol_rel_rms_mean(densities)",28.0808080808081,-0.00227348997181464,-0.0126721504003508,0.00687756052416284,FALSE
"repol_rel_rms_mean","Motion (eddy relative RMS)","repol_rel_rms_mean(densities)",28.979797979798,-0.00229616687433417,-0.0124797814074053,0.00646902207081183,FALSE
"repol_rel_rms_mean","Motion (eddy relative RMS)","repol_rel_rms_mean(densities)",29.8787878787879,-0.00231298340757585,-0.012190890751848,0.00618267391556535,FALSE
"repol_rel_rms_mean","Motion (eddy relative RMS)","repol_rel_rms_mean(densities)",30.7777777777778,-0.00232429425571141,-0.0117495121916278,0.00594747915158139,FALSE
"repol_rel_rms_mean","Motion (eddy relative RMS)","repol_rel_rms_mean(densities)",31.6767676767677,-0.00233045410291257,-0.0113751337793689,0.00572932757492407,FALSE
"repol_rel_rms_mean","Motion (eddy relative RMS)","repol_rel_rms_mean(densities)",32.5757575757576,-0.00233183612525804,-0.0110676052713894,0.00549026267998882,FALSE
"repol_rel_rms_mean","Motion (eddy relative RMS)","repol_rel_rms_mean(densities)",33.4747474747475,-0.00232897006956374,-0.0105937416845772,0.00527817278527354,FALSE
"repol_rel_rms_mean","Motion (eddy relative RMS)","repol_rel_rms_mean(densities)",34.3737373737374,-0.00232246448134962,-0.0101234844074599,0.00518031360054177,FALSE
"repol_rel_rms_mean","Motion (eddy relative RMS)","repol_rel_rms_mean(densities)",35.2727272727273,-0.00231292850500253,-0.00981465782564263,0.00509528203893914,FALSE
"repol_rel_rms_mean","Motion (eddy relative RMS)","repol_rel_rms_mean(densities)",36.1717171717172,-0.0023009712849093,-0.00938712376926396,0.0049346159915959,FALSE
"repol_rel_rms_mean","Motion (eddy relative RMS)","repol_rel_rms_mean(densities)",37.0707070707071,-0.00228720196545679,-0.00900653880300499,0.00463670889526953,FALSE
"repol_rel_rms_mean","Motion (eddy relative RMS)","repol_rel_rms_mean(densities)",37.969696969697,-0.00227214288056787,-0.00870473308543798,0.00445533552316795,FALSE
"repol_rel_rms_mean","Motion (eddy relative RMS)","repol_rel_rms_mean(densities)",38.8686868686869,-0.00225587869852559,-0.00837331270769395,0.00432301986792124,FALSE
"repol_rel_rms_mean","Motion (eddy relative RMS)","repol_rel_rms_mean(densities)",39.7676767676768,-0.0022383564702955,-0.00810152336644532,0.00427594424223004,FALSE
"repol_rel_rms_mean","Motion (eddy relative RMS)","repol_rel_rms_mean(densities)",40.6666666666667,-0.00221952319669203,-0.00796905066934753,0.00409974688698631,FALSE
"repol_rel_rms_mean","Motion (eddy relative RMS)","repol_rel_rms_mean(densities)",41.5656565656566,-0.00219932587852956,-0.00780660869335478,0.00390934590039738,FALSE
"repol_rel_rms_mean","Motion (eddy relative RMS)","repol_rel_rms_mean(densities)",42.4646464646465,-0.00217771156154955,-0.00768742295709808,0.00370183723190836,FALSE
"repol_rel_rms_mean","Motion (eddy relative RMS)","repol_rel_rms_mean(densities)",43.3636363636364,-0.00215471217608732,-0.00746629377735014,0.00372338756258251,FALSE
"repol_rel_rms_mean","Motion (eddy relative RMS)","repol_rel_rms_mean(densities)",44.2626262626263,-0.00213062095745782,-0.00728087163575655,0.00348497269084879,FALSE
"repol_rel_rms_mean","Motion (eddy relative RMS)","repol_rel_rms_mean(densities)",45.1616161616162,-0.00210578125965876,-0.00708141224604304,0.00324957316327257,FALSE
"repol_rel_rms_mean","Motion (eddy relative RMS)","repol_rel_rms_mean(densities)",46.0606060606061,-0.0020805364366878,-0.00687009466058537,0.00308537735222937,FALSE
"repol_rel_rms_mean","Motion (eddy relative RMS)","repol_rel_rms_mean(densities)",46.959595959596,-0.00205522984254265,-0.00666361835014221,0.00304999161989503,FALSE
"repol_rel_rms_mean","Motion (eddy relative RMS)","repol_rel_rms_mean(densities)",47.8585858585859,-0.00203020352161901,-0.00646357556641131,0.00299707596129247,FALSE
"repol_rel_rms_mean","Motion (eddy relative RMS)","repol_rel_rms_mean(densities)",48.7575757575758,-0.00200564531625518,-0.00627664526404782,0.00291578405089437,FALSE
"repol_rel_rms_mean","Motion (eddy relative RMS)","repol_rel_rms_mean(densities)",49.6565656565657,-0.0019814458496766,-0.00611912162357754,0.00274314534599362,FALSE
"repol_rel_rms_mean","Motion (eddy relative RMS)","repol_rel_rms_mean(densities)",50.5555555555556,-0.00195746191042239,-0.00601174389554241,0.00255805293567824,FALSE
"repol_rel_rms_mean","Motion (eddy relative RMS)","repol_rel_rms_mean(densities)",51.4545454545455,-0.00193355028703166,-0.00593877387848517,0.00247809796418813,FALSE
"repol_rel_rms_mean","Motion (eddy relative RMS)","repol_rel_rms_mean(densities)",52.3535353535354,-0.00190956776804351,-0.00584180104856651,0.00237636856110346,FALSE
"repol_rel_rms_mean","Motion (eddy relative RMS)","repol_rel_rms_mean(densities)",53.2525252525253,-0.00188537274910006,-0.00573161187354661,0.00221956944840216,FALSE
"repol_rel_rms_mean","Motion (eddy relative RMS)","repol_rel_rms_mean(densities)",54.1515151515152,-0.00186088006826914,-0.00562081950081062,0.0021165738715664,FALSE
"repol_rel_rms_mean","Motion (eddy relative RMS)","repol_rel_rms_mean(densities)",55.0505050505051,-0.00183607457302829,-0.00548950620257263,0.00194512887913928,FALSE
"repol_rel_rms_mean","Motion (eddy relative RMS)","repol_rel_rms_mean(densities)",55.9494949494949,-0.00181094547088389,-0.00535333778335129,0.00181512714259137,FALSE
"repol_rel_rms_mean","Motion (eddy relative RMS)","repol_rel_rms_mean(densities)",56.8484848484849,-0.00178548196934234,-0.00524300157034718,0.00178632802809991,FALSE
"repol_rel_rms_mean","Motion (eddy relative RMS)","repol_rel_rms_mean(densities)",57.7474747474747,-0.00175967327591002,-0.00513611411706701,0.00177977714021023,FALSE
"repol_rel_rms_mean","Motion (eddy relative RMS)","repol_rel_rms_mean(densities)",58.6464646464647,-0.00173351307116226,-0.00503270693180996,0.00175999672090017,FALSE
"repol_rel_rms_mean","Motion (eddy relative RMS)","repol_rel_rms_mean(densities)",59.5454545454545,-0.00170706686017972,-0.00487142383410215,0.00173224961095104,FALSE
"repol_rel_rms_mean","Motion (eddy relative RMS)","repol_rel_rms_mean(densities)",60.4444444444444,-0.00168045805382063,-0.00472212226612301,0.00169600109008485,FALSE
"repol_rel_rms_mean","Motion (eddy relative RMS)","repol_rel_rms_mean(densities)",61.3434343434343,-0.00165381171171271,-0.00461237015935325,0.00164357140725899,FALSE
"repol_rel_rms_mean","Motion (eddy relative RMS)","repol_rel_rms_mean(densities)",62.2424242424242,-0.00162725289348369,-0.00450295139425594,0.00162663962744135,FALSE
"repol_rel_rms_mean","Motion (eddy relative RMS)","repol_rel_rms_mean(densities)",63.1414141414141,-0.00160090665876129,-0.00439411845896759,0.00156211416014885,FALSE
"repol_rel_rms_mean","Motion (eddy relative RMS)","repol_rel_rms_mean(densities)",64.040404040404,-0.00157488890546596,-0.00429509717985826,0.00151072735602645,FALSE
"repol_rel_rms_mean","Motion (eddy relative RMS)","repol_rel_rms_mean(densities)",64.9393939393939,-0.00154923505095823,-0.0041724094336541,0.00145545310546705,FALSE
"repol_rel_rms_mean","Motion (eddy relative RMS)","repol_rel_rms_mean(densities)",65.8383838383838,-0.00152393875798935,-0.00404564980315838,0.00144080348784361,FALSE
"repol_rel_rms_mean","Motion (eddy relative RMS)","repol_rel_rms_mean(densities)",66.7373737373737,-0.00149899333469844,-0.00397700064666989,0.00136238719719994,FALSE
"repol_rel_rms_mean","Motion (eddy relative RMS)","repol_rel_rms_mean(densities)",67.6363636363636,-0.00147439208922463,-0.00390705577671645,0.00129833886616984,FALSE
"repol_rel_rms_mean","Motion (eddy relative RMS)","repol_rel_rms_mean(densities)",68.5353535353535,-0.00145012832970705,-0.00380902297740292,0.0012515284496359,FALSE
"repol_rel_rms_mean","Motion (eddy relative RMS)","repol_rel_rms_mean(densities)",69.4343434343434,-0.00142620037568013,-0.00379699272283483,0.00123711071709999,FALSE
"repol_rel_rms_mean","Motion (eddy relative RMS)","repol_rel_rms_mean(densities)",70.3333333333333,-0.00140263267471042,-0.00373230313172757,0.0012344742906674,FALSE
"repol_rel_rms_mean","Motion (eddy relative RMS)","repol_rel_rms_mean(densities)",71.2323232323232,-0.00137945816202279,-0.00367201523891701,0.00123650662984437,FALSE
"repol_rel_rms_mean","Motion (eddy relative RMS)","repol_rel_rms_mean(densities)",72.1313131313131,-0.00135670977733443,-0.00360823298625847,0.00124100487242496,FALSE
"repol_rel_rms_mean","Motion (eddy relative RMS)","repol_rel_rms_mean(densities)",73.030303030303,-0.00133442046036249,-0.0036062326868051,0.00125755425711896,FALSE
"repol_rel_rms_mean","Motion (eddy relative RMS)","repol_rel_rms_mean(densities)",73.9292929292929,-0.00131262315364512,-0.0035450682224098,0.00123976672300389,FALSE
"repol_rel_rms_mean","Motion (eddy relative RMS)","repol_rel_rms_mean(densities)",74.8282828282828,-0.00129135854061348,-0.00348612721449765,0.00124984601603111,FALSE
"repol_rel_rms_mean","Motion (eddy relative RMS)","repol_rel_rms_mean(densities)",75.7272727272727,-0.00127069192313307,-0.00341849910894226,0.00125417584206982,FALSE
"repol_rel_rms_mean","Motion (eddy relative RMS)","repol_rel_rms_mean(densities)",76.6262626262626,-0.00125069348610685,-0.00339105589506964,0.00129616277817095,FALSE
"repol_rel_rms_mean","Motion (eddy relative RMS)","repol_rel_rms_mean(densities)",77.5252525252525,-0.00123143341443776,-0.0033608956133455,0.00130428068894598,FALSE
"repol_rel_rms_mean","Motion (eddy relative RMS)","repol_rel_rms_mean(densities)",78.4242424242424,-0.00121298189302874,-0.0033081812897845,0.00130230372403788,FALSE
"repol_rel_rms_mean","Motion (eddy relative RMS)","repol_rel_rms_mean(densities)",79.3232323232323,-0.00119540888950876,-0.00326799992693299,0.00132145426288024,FALSE
"repol_rel_rms_mean","Motion (eddy relative RMS)","repol_rel_rms_mean(densities)",80.2222222222222,-0.00117875578266546,-0.00322354159774506,0.00134091515714515,FALSE
"repol_rel_rms_mean","Motion (eddy relative RMS)","repol_rel_rms_mean(densities)",81.1212121212121,-0.00116300714608897,-0.00319711219614339,0.00129221426141352,FALSE
"repol_rel_rms_mean","Motion (eddy relative RMS)","repol_rel_rms_mean(densities)",82.020202020202,-0.00114814084434797,-0.00318942835087368,0.00131301177238248,FALSE
"repol_rel_rms_mean","Motion (eddy relative RMS)","repol_rel_rms_mean(densities)",82.9191919191919,-0.00113413474201113,-0.00319312195720569,0.00133332051876979,FALSE
"repol_rel_rms_mean","Motion (eddy relative RMS)","repol_rel_rms_mean(densities)",83.8181818181818,-0.00112096670364713,-0.00317692908036988,0.0013344984634262,FALSE
"repol_rel_rms_mean","Motion (eddy relative RMS)","repol_rel_rms_mean(densities)",84.7171717171717,-0.00110861440900238,-0.0030953338751617,0.00134231613807532,FALSE
"repol_rel_rms_mean","Motion (eddy relative RMS)","repol_rel_rms_mean(densities)",85.6161616161616,-0.00109704862247154,-0.00310151427455592,0.00132117997372213,FALSE
"repol_rel_rms_mean","Motion (eddy relative RMS)","repol_rel_rms_mean(densities)",86.5151515151515,-0.00108623127809873,-0.00307660888378772,0.00131861985040879,FALSE
"repol_rel_rms_mean","Motion (eddy relative RMS)","repol_rel_rms_mean(densities)",87.4141414141414,-0.00107612373491734,-0.00306508836775427,0.00133636082392448,FALSE
"repol_rel_rms_mean","Motion (eddy relative RMS)","repol_rel_rms_mean(densities)",88.3131313131313,-0.00106668735196077,-0.00305755311413142,0.00140301671281382,FALSE
"repol_rel_rms_mean","Motion (eddy relative RMS)","repol_rel_rms_mean(densities)",89.2121212121212,-0.0010578834882624,-0.00304640809883311,0.00141096650419347,FALSE
"repol_rel_rms_mean","Motion (eddy relative RMS)","repol_rel_rms_mean(densities)",90.1111111111111,-0.00104967567128139,-0.00304843187398731,0.00140560202900101,FALSE
"repol_rel_rms_mean","Motion (eddy relative RMS)","repol_rel_rms_mean(densities)",91.010101010101,-0.00104206386265057,-0.00304544250808233,0.00141679662417231,FALSE
"repol_rel_rms_mean","Motion (eddy relative RMS)","repol_rel_rms_mean(densities)",91.9090909090909,-0.0010350782618854,-0.00304341204560481,0.00149821270549927,FALSE
"repol_rel_rms_mean","Motion (eddy relative RMS)","repol_rel_rms_mean(densities)",92.8080808080808,-0.00102874998415387,-0.00304244958577004,0.00148584482876351,FALSE
"repol_rel_rms_mean","Motion (eddy relative RMS)","repol_rel_rms_mean(densities)",93.7070707070707,-0.00102311014462397,-0.00305006632718669,0.00153024885530743,FALSE
"repol_rel_rms_mean","Motion (eddy relative RMS)","repol_rel_rms_mean(densities)",94.6060606060606,-0.0010181898584637,-0.00305897690740858,0.00154410520327463,FALSE
"repol_rel_rms_mean","Motion (eddy relative RMS)","repol_rel_rms_mean(densities)",95.5050505050505,-0.00101401334002037,-0.00305752444126404,0.00155867119587015,FALSE
"repol_rel_rms_mean","Motion (eddy relative RMS)","repol_rel_rms_mean(densities)",96.4040404040404,-0.00101054188859188,-0.0030723356952291,0.00156826132675297,FALSE
"repol_rel_rms_mean","Motion (eddy relative RMS)","repol_rel_rms_mean(densities)",97.3030303030303,-0.00100770315874258,-0.0030766822807737,0.00157607593427381,FALSE
"repol_rel_rms_mean","Motion (eddy relative RMS)","repol_rel_rms_mean(densities)",98.2020202020202,-0.00100542448742582,-0.00307965263537447,0.00157829866875098,FALSE
"repol_rel_rms_mean","Motion (eddy relative RMS)","repol_rel_rms_mean(densities)",99.1010101010101,-0.00100363321159494,-0.00308085490421699,0.00158146173309172,FALSE
"repol_rel_rms_mean","Motion (eddy relative RMS)","repol_rel_rms_mean(densities)",100,-0.00100225666820331,-0.00308193790406045,0.00157987704722604,FALSE
