"ID","Depth","Max_Value","Min_Value","Mean_Value"
157,1.27900365459531,2.98332144267238,1.0830404521606,1.5171667805552
210,0.403669267218433,3.49906746668458,1.10642583296895,1.59411085587648
236,2.01028147542819,2.96900095886238,1.02834341007568,1.48977312089997
324,7.60707001219781,2.91692973418301,1.02668622395649,1.44086386170744
363,3.20519039051845,2.24675515531049,1.00255055269355,1.3011646966636
542,4.9428110086301,3.07408793914696,1.05727115403408,1.47877870551412
570,5.49017808035999,2.79408521555193,1.05837090578352,1.47668463632979
604,2.46117620750255,2.40189187258036,0.985318438038737,1.28369706888971
711,8.71690170200688,2.38751834915722,1.00620158458805,1.31761875895491
