"bpd2","bw_z_new","ga","globalcatmod","anyrop","sepsis2","anyivh","hydrocephalus_dc"
0,0,0,1,0,1,1,1
1,0,0,1,1,1,0,1
0,0,0,1,0,1,1,0
0,0,0,1,1,0,1,0
1,0,0,1,1,1,0,1
0,0,0,0,0,0,0,0
0,0,0,1,1,1,0,0
1,0,0,1,1,0,0,0
1,0,1,1,0,1,0,0
1,0,1,1,0,0,0,1
1,0,1,1,0,1,0,0
0,0,1,1,1,1,0,1
0,0,0,0,0,0,0,1
0,0,1,1,0,1,0,1
0,0,1,1,0,0,0,1
1,0,0,1,1,0,0,0
0,0,0,1,0,0,0,0
0,0,0,1,0,0,0,0
0,0,1,1,0,1,1,0
1,0,1,1,0,0,0,1
0,0,0,1,0,1,0,1
1,1,0,1,0,0,1,0
0,0,1,1,0,0,0,1
0,0,0,0,0,0,0,0
0,0,1,1,0,0,1,0
1,0,0,1,0,0,0,0
1,1,1,1,1,1,0,1
0,0,1,1,0,0,1,0
0,0,1,1,0,1,1,0
0,0,0,1,0,0,1,0
1,1,0,1,0,0,0,0
0,0,0,1,0,0,0,0
1,1,0,1,1,0,0,0
1,0,1,1,1,0,1,1
0,0,1,1,0,1,0,1
1,1,0,1,0,0,0,0
0,1,0,1,1,1,1,0
1,0,1,1,0,0,0,1
0,0,1,1,0,0,1,1
1,0,0,1,0,0,0,0
0,0,1,0,0,0,0,1
0,0,1,1,0,1,1,0
0,0,0,1,1,1,0,0
0,0,0,1,0,1,0,1
0,0,0,0,0,0,0,0
0,0,0,1,1,0,0,1
0,0,0,0,0,0,0,0
0,0,1,1,0,0,0,1
1,1,1,1,1,1,0,1
0,0,0,0,0,0,0,0
1,1,0,1,1,1,1,0
1,1,0,1,0,0,0,0
1,0,1,1,0,1,0,1
1,1,1,1,1,1,0,0
1,0,0,1,1,1,1,0
0,0,1,1,1,1,1,1
0,0,0,0,0,0,0,0
1,1,0,1,0,0,1,0
0,0,0,0,0,0,0,0
1,0,0,1,0,0,0,0
1,0,0,1,0,0,1,0
1,0,1,1,1,1,0,1
0,1,1,1,0,1,0,1
0,0,1,1,0,0,1,1
0,0,0,1,1,1,0,1
0,0,0,0,0,0,0,0
0,0,0,1,0,0,0,1
0,0,0,1,0,0,0,1
0,0,0,1,0,0,1,0
1,0,1,1,0,0,0,1
0,0,0,1,0,0,0,0
0,0,0,0,0,0,0,0
1,0,1,1,0,1,1,0
1,1,0,1,0,0,0,0
1,0,1,1,1,0,0,0
1,0,1,1,1,1,1,1
0,0,1,1,1,1,1,0
0,0,0,0,0,0,0,0
0,0,1,1,0,0,0,0
0,0,0,1,0,0,0,1
0,0,0,0,0,0,0,0
0,0,0,1,0,0,0,0
0,0,1,1,0,0,0,0
0,0,1,1,0,0,1,1
1,0,0,1,0,0,1,0
0,0,0,1,0,0,0,0
0,0,1,1,0,1,1,0
0,0,0,0,0,0,0,0
0,0,1,1,0,0,0,1
0,0,0,0,0,0,0,0
1,0,0,1,0,0,0,1
1,0,1,1,0,1,0,0
0,0,0,1,0,0,1,1
1,0,0,1,0,1,0,1
0,0,0,0,0,0,0,0
1,0,0,1,1,1,0,0
1,1,0,1,1,1,0,0
1,0,1,0,0,0,0,1
1,1,1,1,1,1,0,1
0,0,1,1,0,0,1,1
