0,0,2.05061715841293,0,23.4368640482426,291.554551959038,4826.06117147207,865.806050881743,0,9.89451351761818,260.342520102859,0,47.0069031119347,11147.8048190325,7.46989467740059,7.63976585865021,1.75400587916374,38.6678509712219,11.3800445497036,0,25.4479785561562,0,9.98915007710457,0.49871090054512,4.09449556469917,39.8570107370615,12.1776392012835,27.4512314200401,7444.39183138311,1330.0104752183,3.90288886427879,31.4407701939344,19.750651538372,307.316174596548,19.6992461979389,203.639771819115,32.6745488345623,45.6409576535225,32.1742895245552,98.9531601071358,14.8416056632996,9.76594957709312,1.26181149482727,0,0,0,0,0,0,0,0,0,0,0,0,0,0,0,0,0.516848564147949,0,0,0,0,0,0,0,0,0,0,0,0,0,0,0,0,0,0,0,0,0,0,0.86077943444252,1.24671798944473
0,0,4.2566052377224,0,0,0,2.31153476238251,0,858.304646939039,0,228.717248499393,0,1017.64651766419,0,1.32162487506866,227.592536777258,37.4733855128288,8.36662077903748,3.94130864739418,0,153.534722477198,2015.56235957146,42.0729116499424,1687.14767062664,2618.64895473421,482.656923592091,39908.4232947826,501.358853161335,0,8.14680022001266,217.191235125065,2.73461425304413,0,22.6589209735394,3.06664139032364,92.6705866158009,101.326690793037,45.1139204502106,46.887518197298,4.77761256694794,3.55655923485756,134.577356338501,25.9128732085228,18.9576348662376,4.76236611604691,10.367832005024,2.05625486373901,0,7.6714568734169,0,2466.84879502654,12.8050980865955,0,0,0,0,0,3.91747426986694,0,188.147726923227,0,409.2511100173,0,1.43875861167908,25.2065096199512,15.454511910677,0,9.58451536297798,0,0,11.4213293194771,21.9430842995644,2.36829727888107,291.764386326075,256.256696224213,7343.53329347074,1.65621557831764,1.72345566749573,0,92.5024135112762,0,0,7.38629639148712,4.52108234167099
2.05061715841293,4.2566052377224,0,0,2.07200759649277,4.3367073237896,3.07241412997246,32.2191824615002,0,0,487.921485170722,0.760818779468536,347.630971610546,34.1492769867182,38.8208306133747,117.438483536243,12365.3554424793,346.172000274062,657.385231673717,0,1756.33037626743,6.50400522351265,28105.5599398315,4.03588834404945,3.92341375350952,54913.3161854744,13054.7166827321,115.818170890212,20.7447874546051,64.9351013898849,0,52.7627050280571,3.81271716952324,1185.72606287897,584.132420063019,4710.3444994688,385.382750451565,2120.6212156713,2234.9693030417,74.0459682047367,137.195259332657,28.8147231340408,10.2709055244923,2.5891752243042,0.973621249198914,38.4130694568157,0.467359125614166,0.828086912631989,3.175288438797,0,22.4571585953236,0,0,1.22978484630585,0.495769321918488,0,0,0,0,4.9459924697876,0,0,0,0,18.0620458424091,1.51168435811996,0.71968686580658,1.24901306629181,0,3.34165674448013,0.584177374839783,8.71941265463829,0.483314096927643,0,5.54308280348778,222.887317240238,0,1.53454256057739,0,0,0,0,0.428236782550812,649.312401503325
0,0,0,0,53.8438581228256,23.0053028762341,0,0.393036812543869,859.902634859085,6522.00877410173,2.12309455871582,109.478821098804,21.9878283143044,0,265.876103758812,0,0,0,0,8488.80192103982,0,0,0,327.028470575809,9.78028476238251,0,0.85163152217865,8070.9242298007,0,0,0,1.20868313312531,0,0,0,212.678892582655,0.660020589828491,0,0,483.886281609535,1.65801334381104,3.32729983329773,0,0,0,0,0.554799437522888,0,0,0,0,0,594.467048764229,0,0,0,0,0,797.873957037926,3.59676861763,0,0,0,0,3.00715607404709,0,0,0,856.480344176292,3.72904333472252,0,0,17.8309320211411,0,0,0,153.61033654213,0,0,0,0,0,0,0
23.4368640482426,0,2.07200759649277,53.8438581228256,0,7942.80588918924,72.9862556159496,2670.04044681787,190.197603046894,817.098029762506,40.3399268984795,748.239419162273,126.045058786869,186.382918566465,3135.64919385314,6.81315168738365,0,4.42973539233208,1.11458176374435,12.4413329958916,114.978950321674,0,19.4158591628075,169.439510732889,22.2988754808903,7.39902821183205,12.8632372319698,180.137939929962,133.61874333024,144.76124446094,0.958114087581635,433.018966704607,15.3502240777016,743.854827076197,258.542871028185,1340.69154298306,59.1995024681091,60.2535962164402,65.0131805539131,12385.7041078806,4941.2828643322,27.9029641747475,4.50313818454742,4.11442649364471,1.47199499607086,27.2626190781593,9.22080558538437,0.427553832530975,0,0,0,0,4.14007234573364,0,0,0,0,0,0,4.38265028595924,0,1.09640789031982,0.499384194612503,0,6.70060703158379,0.943202555179596,5.37009871006012,1.39756077528,0,1.28162243962288,0,0,3.45202296972275,0,11.4447873532772,10.356167703867,0,0,3.42405331134796,0,4.29347062110901,0,0,115.138312399387
291.554551959038,0,4.3367073237896,23.0053028762341,7942.80588918924,0,676.037804231048,16994.2180007696,98.5319204926491,19351.8520255536,410.855125516653,6246.7234287858,133.567545562983,2229.21748542786,4342.39017450809,5.03415897488594,4.19141227006912,62.5746742784977,13.9907352924347,5.48182100057602,50.4140159785748,1.58044070005417,25.295861274004,55.8789279460907,7.23807337880135,50.7064313590527,21.9505866467953,84.2065246105194,485.770975738764,1223.15397486091,9.555608689785,913.091462507844,16.1602859795094,932.435689002275,2229.24941578507,894.114170044661,102.117939054966,116.967761129141,106.457981616259,6363.23174566031,378.862123072147,42.4518376290798,5.23124384880066,0,0,0,0.645937114953995,0,1.19152200222015,0,0,0,0,0,0,0,0,0,0,0.804537534713745,3.91408103704453,0,0,0,0.903909206390381,0,2.11546087265015,0,0,0.624027907848358,0,0,0.470797896385193,0,0,0,0.22314190864563,0,0,0,0,0,0,110.064947187901
4826.06117147207,2.31153476238251,3.07241412997246,0,72.9862556159496,676.037804231048,0,8080.790449664,1518.88488015532,23789.6176384985,296.544695794582,3.70841866731644,86.7741834372282,22456.5210973471,48.5968654751778,7.54658648371696,4.04888114333153,46.0781301856041,8.42876946926117,0,39.5951033830643,5.92906254529953,12.6163975000381,1097.57053112984,33.6999239325523,36.9187702834606,26.6775986105204,35393.3109638393,824.554146766663,8104.13852451742,3.5296128988266,69.1963358223438,10.9585099518299,287.901637166739,11.7782114744186,566.497457414865,48.6521174758673,58.9565708637238,40.9223805516958,328.811756029725,16.620953977108,16.0387472510338,2.0096643269062,0,0,0,2.17384049296379,0,0,0,0,0,21.8796973228455,0,0,3.72926604747772,0,6.97999376058578,2.34199738502502,2.44950443506241,0,0,0,5.81877493858337,9.87073740363121,0,0,0,14.7157859802246,4.25398796796799,0,0,43.70405164361,0,0,0.448423385620117,24.4747101664543,0,0,0,0,0,0,0.748573482036591
865.806050881743,0,32.2191824615002,0.393036812543869,2670.04044681787,16994.2180007696,8080.790449664,0,6.56015726923943,2164.88465961814,1369.37998093665,22.4482328891754,487.458107709885,31425.5891444832,806.586456477642,34.6733332574368,15.7141327261925,175.252919688821,35.1469502002001,0,315.373545825481,0,89.9226257801056,13.3534631729126,31.5097849667072,157.560479089618,61.1892365664244,319.485776424408,1882.719971627,3661.43887799978,22.8930633068085,1791.04211269319,87.8687172234058,1304.3372515291,288.581769824028,3229.17056494951,330.174837857485,383.915402472019,287.995069146156,3168.08287158608,146.414049327374,167.778419047594,7.51413476467133,3.03767395019531,1.47946047782898,4.47990262508392,3.94489531219006,0,0,0,0,0,0,0,0,0,0,0,0,4.60614252090454,0,0,0,0.43556147813797,2.24002316594124,0,1.29789710044861,0,0,0.714379251003265,0,0,0.690437495708466,0,0,2.45371246337891,3.11572130024433,0,0,0,1.50989639759064,0,0.344533085823059,27.7112417221069
0,858.304646939039,0,859.902634859085,190.197603046894,98.5319204926491,1518.88488015532,6.56015726923943,0,419.739149749279,13.1933886408806,984.41605246067,252.813177749515,0.687712877988815,1530.67893725634,4.31738993525505,3.69041088223457,2.61620938777924,0,8.92288866639137,4.04063254594803,5039.48180529475,0.351429522037506,61949.15538764,625.367998749018,86.1680943369865,3711.26058223844,9108.15893051028,1.50750684738159,17.71029484272,21.5836300849915,1.20416086912155,0,3.26743102073669,0,65.459535241127,17.3680061399937,6.50928437709808,2.55624604225159,1104.56927210093,11.022339195013,10.8147553503513,20.5059916377068,0.547292709350586,0,2.51981395483017,134.930087447166,1.27784740924835,0.430207878351212,0,15.4990001320839,0,27.479825258255,3.88238167762756,0.535415768623352,2.85301637649536,0,30.3505548536777,2.6886488199234,21.220939129591,0,12.2238309383392,4.74502888321877,18.6457272768021,605.81810644269,0,0.849669545888901,0,11.3041720986366,273.812741518021,20.3465357422829,7.60578384995461,175.038047224283,1.97568288445473,2.88738620281219,78.2350350916386,101.432732462883,0.48788595199585,0,0.465095728635788,1.51558992266655,0,4.64497542381287,0
9.89451351761818,0,0,6522.00877410173,817.098029762506,19351.8520255536,23789.6176384985,2164.88465961814,419.739149749279,0,1.19690108299255,15478.4527654946,48.9989452511072,4315.9420016408,1436.16609483957,1.79922839999199,0,0.584830641746521,0,56318.8224193156,1.01559734344482,0,1.77673104405403,611.422275662422,39.8967306613922,0.788933873176575,0.88368147611618,2152.90790267289,1.36393368244171,3.32052853703499,0,8.9855090379715,0,1.10444939136505,279.406752765179,335.503775119781,5.43957117199898,7.89140781760216,3.66584688425064,1112.92738011479,3.92993867397308,0.507278442382812,0.274137616157532,0,0,0,4.95850303769112,0,0,0,0,0,9.43550539016724,0,0,0,0,0,0,0.782441705465317,177.41314047575,0.315670669078827,0,0,15.1811478734016,1.70653474330902,0,0,2.14199566841125,6.31441114842892,0,0,1.70660743117332,0,0,0,9.49864062666893,0,0,0,0,0,0,52.5935917496681
260.342520102859,228.717248499393,487.921485170722,2.12309455871582,40.3399268984795,410.855125516653,296.544695794582,1369.37998093665,13.1933886408806,1.19690108299255,0,0,12251.389100939,3136.59619249403,70.9740008115768,233.274279683828,409.982841238379,8348.63206984103,1463.31813445687,0,1444.73093681037,94.511062502861,1296.23125077784,88.0447959303856,2333.89734226465,9257.15471893549,1419.48148812354,193.267422869802,2364.32152634859,845.148690760136,3548.13326659799,3175.66416400671,39.741571187973,24425.1155405194,571.680092543364,7875.64233765006,15722.4587505162,12272.4438613504,4691.65894764662,441.879010483623,655.57279381156,5579.68533042073,53.2683726549149,354.683365345001,3.61128467321396,33.1993670165539,20.3740756809711,11.9252977371216,193.426504075527,0.613628566265106,80.5117491185665,0,0,1.44208806753159,0,0.284114867448807,0.32653871178627,4.36059522628784,0,3599.35631886125,0.940642774105072,5034.52399897575,17.2894034087658,0.584739744663239,12.4487274289131,0,8.73480677604675,2.9830647110939,0,8.24787324666977,12.8076205551624,3.31452193856239,11.6084767282009,198.428912371397,617.332957103848,3487.59674824774,4.87496447563171,25.3180033266544,2.0132212638855,1613.61630174518,41.8167554736137,0.5541011095047,109.255706518888,267.972308158875
0,0,0.760818779468536,109.478821098804,748.239419162273,6246.7234287858,3.70841866731644,22.4482328891754,984.41605246067,15478.4527654946,0,0,41.3450111448765,1.15079307556152,6731.65504941344,0,0,0,0,38653.9218326509,4.6108124256134,0,0,153.103434711695,37.9421387463808,0.561611175537109,0.741160988807678,479.353361040354,0,0,0.525347769260406,1.82144141197205,0,1.68950819969177,8025.07652029395,305.395257055759,16.3967696428299,6.32724422216415,3.86270946264267,2099.4506688118,8.53691649436951,1.11576175689697,7.92573726177216,1.45113551616669,0,0,1.84376895427704,0,0,0.798760950565338,0,0,7.81806015968323,0,1.57508051395416,3.81351542472839,0,3.08961248397827,21.9644842147827,1.21560326218605,63.9510504007339,3.00661027431488,0.337079524993896,0,13.4878984689713,0,0,0,9.17341756820679,7.97303003072739,0.411187440156937,0,6.83078241348267,0,0,0.462897062301636,10.8182115852833,0,0,0,0,0,0,744.054732620716
47.0069031119347,1017.64651766419,347.630971610546,21.9878283143044,126.045058786869,133.567545562983,86.7741834372282,487.458107709885,252.813177749515,48.9989452511072,12251.389100939,41.3450111448765,0,615.992262199521,145.625704556704,572.90267701447,184.016886085272,558.309025734663,124.955769121647,0,2925.15747226775,458.108403861523,1052.82315948606,1101.1076091677,19563.6554903239,1777.68201047182,3072.35368777812,1555.91451449692,679.135643839836,619.982776507735,6032.35144364834,1400.89769145846,40.4820019602776,3555.98232829571,641.88112077117,6110.02653636038,7355.91223433614,6411.35625989735,4184.31410184503,3485.15755479038,2437.43287318945,12109.0988029242,209.387072339654,1100.52216392756,38.0197623670101,65.5465487241745,284.648732811213,36.5115022361279,680.031633555889,4.42330881953239,345.642978221178,1.89783200621605,0,2.24530184268951,12.6397444903851,2.9423508644104,11.848563760519,16.2763622403145,0,11276.9718873948,0,14068.8933919966,84.2706409096718,2.23416540026665,145.861353889108,3.26381897926331,10.5551864206791,6.15920746326447,0,64.6977407336235,43.5953789204359,23.0556030869484,222.879391431808,958.980891078711,661.532435700297,4565.84144662321,151.990050256252,67.2745360732079,3.03527700901031,3151.76821142435,142.59111186862,1.0393593609333,388.046227902174,149.434442549944
11147.8048190325,0,34.1492769867182,0,186.382918566465,2229.21748542786,22456.5210973471,31425.5891444832,0.687712877988815,4315.9420016408,3136.59619249403,1.15079307556152,615.992262199521,0,110.665237903595,49.3656682670116,17.6110310852528,420.722719192505,81.9733506143093,0,311.356388345361,2.99983686208725,80.585055783391,11.7955116629601,40.4940503835678,377.032083645463,108.550078883767,310.57258901,11880.0141097903,7719.17165003717,42.3535429239273,1038.04118844867,134.713993370533,2896.05785410106,246.268065243959,2672.73597125709,384.638789817691,563.23454387486,379.845550537109,1076.40237748623,157.018773883581,166.929204851389,7.37465280294418,1.1108130812645,0,0.346564888954163,1.72411492466927,0,0,0,0.647547483444214,0,0,0,1.61052799224854,0,0,0,0,8.11053827404976,0,2.11225646734238,0.67863667011261,0,1.49747520685196,0,0,0,0,0,0,0.825018882751465,1.4344240128994,0.55478709936142,0.391182005405426,0,0.276824295520782,0.220817908644676,0,0.870564103126526,0,0,0,36.9964697360992
7.46989467740059,1.32162487506866,38.8208306133747,265.876103758812,3135.64919385314,4342.39017450809,48.5968654751778,806.586456477642,1530.67893725634,1436.16609483957,70.9740008115768,6731.65504941344,145.625704556704,110.665237903595,0,58.7738355696201,11.7149721384048,32.6523984968662,9.20282089710236,81.3319498300552,733.202103286982,0.912267506122589,147.726282477379,1086.62054049969,73.1610037237406,76.6834737360477,124.260419756174,1093.44090387225,162.629125922918,123.776655390859,1.13575690984726,257.674449205399,11.0634982585907,154.096417993307,541.884402632713,1057.53118658066,133.262387394905,91.6909435391426,112.15995657444,4436.90096190572,45.5817447602749,13.6092132925987,0.453193575143814,7.74129283428192,3.77592313289642,43.7025215625763,10.6344111561775,0,0,0,0,0.661431729793549,3.31125020980835,0,0.639844536781311,0,0,10.0767369270325,0,6.48260986804962,0,1.05577620863914,1.66079485416412,0,27.1323844492435,5.42407381534576,2.47896113991737,6.43879544734955,0,21.7770439088345,0,9.31356501579285,13.7903400957584,0,11.0222053527832,18.0857616662979,9.95117044448853,0,0,2.82631030678749,2.44814366102219,0,1.04243096709251,187.946947902441
7.63976585865021,227.592536777258,117.438483536243,0,6.81315168738365,5.03415897488594,7.54658648371696,34.6733332574368,4.31738993525505,1.79922839999199,233.274279683828,0,572.90267701447,49.3656682670116,58.7738355696201,0,184.336948007345,140.727071553469,60.7305604964495,0,28909.1345574558,14248.7482942939,5737.95423331857,4807.05592277646,464.51419775188,256.802900135517,11155.076709792,8329.04045702517,48.383907943964,86.2037260383368,3.58801051974297,65.6615450382233,1.31491276621819,255.777945801616,789.440635293722,11928.5962787271,1784.10161104798,4034.1904515326,1239.09757307172,168.484129101038,121.748509511352,44.1775453090668,156.401754468679,27.1200695037842,7.30551236867905,51.8643143773079,360.246449500322,8.52449148893356,2.91738429665565,0,33.1788673698902,7.49828377366066,0.845938086509705,0,3.47316786646843,2.16313457489014,2.32079720497131,129.881488829851,3.63571330904961,63.5831160545349,1.32127806544304,17.7318902015686,13.0620820522308,19.8988133072853,22511.1404215395,15.1355194449425,2.30975025892258,3.0351188480854,7.57177856564522,5716.47904446721,1893.4012298286,11276.4355209768,607.430090129375,3.29808443784714,9.56256571412086,4137.63673770428,340.426668971777,4.18918097019196,0.717384815216064,0.642381727695465,5.17620542645454,0,14.3066208958626,509.841213971376
1.75400587916374,37.4733855128288,12365.3554424793,0,0,4.19141227006912,4.04888114333153,15.7141327261925,3.69041088223457,0,409.982841238379,0,184.016886085272,17.6110310852528,11.7149721384048,184.336948007345,0,1940.60027876496,12592.0498331487,0,4252.56658256054,4.60626798868179,26874.0382671207,2.7830368578434,0,26496.6459929347,11717.9974001348,39.5718490481377,25.6638475954533,394.108002841473,1.58724009990692,22.4141105413437,0,4675.88874560595,198.288046717644,1381.12374985218,240.845084965229,2489.76871059835,2179.95787531137,17.8589135110378,80.2095640897751,10.7504313290119,6.27200222015381,4.66753450036049,0,17.6625242829323,2.73806756734848,0.885720074176788,0,0,33.9728452265263,0,0,0,0,0,0,0,0,1.71935519576073,0.666496098041534,0,0,0,1.6311482489109,0.658652544021606,0,0,0,0.780405044555664,0.349072337150574,2.92499822378159,0,0,4.99274805188179,140.744212031364,0,1.88560283184052,0,0,0,0,0,216.450331419706
38.6678509712219,8.36662077903748,346.172000274062,0,4.42973539233208,62.5746742784977,46.0781301856041,175.252919688821,2.61620938777924,0.584830641746521,8348.63206984103,0,558.309025734663,420.722719192505,32.6523984968662,140.727071553469,1940.60027876496,0,6087.71437346935,0,1031.41375230253,2.84797260165215,1073.84312270582,5.51758399605751,11.6110214591026,9049.33638431132,1202.52070485055,81.1343803852797,341.717508792877,245.71726334095,13.3543223142624,233.011977881193,7.21028459072113,3981.0255818367,512.350299954414,7812.43804101646,5003.76810392737,5515.77816447616,7044.02879264951,114.961335390806,147.61450189352,57.6711972951889,19.6368346810341,2.13410228490829,0,22.6830917298794,0,2.74331748485565,0,0,9.83752062916756,0,0,0,1.24325233697891,0,0,0,0,7.68272691965103,0,14.4000868797302,0,0,0,1.66274797916412,0,2.21094244718552,0,1.0062563419342,0,2.21575364470482,0,0,16.13976085186,123.444296360016,0,0,0,8.19774135947227,0,0,0,495.585718423128
11.3800445497036,3.94130864739418,657.385231673717,0,1.11458176374435,13.9907352924347,8.42876946926117,35.1469502002001,0,0,1463.31813445687,0,124.955769121647,81.9733506143093,9.20282089710236,60.7305604964495,12592.0498331487,6087.71437346935,0,0,613.507318109274,1.86252331733704,1263.85023184121,0.499690026044846,0,31945.6998372525,1713.01827956736,20.2913597226143,59.2858436107635,87.7303732782602,4.25615531206131,34.6595035493374,1.23667734861374,3135.12259981036,146.669970780611,1700.20360998809,634.127430617809,2034.35771045089,2128.91651549935,17.232617020607,23.760444432497,14.0104584991932,3.30132523179054,0,0,4.62202352285385,0,0.422317653894424,0,0,1.61594820022583,0,0,0,0,0,0,0,0,0.554311752319336,0,1.26757645606995,0,0,0,0.728080928325653,0,0.42858624458313,0,3.00934386253357,0,0,0,0,0.80552676320076,21.6382541954517,0,0,2.20981884002686,1.74801078438759,0,0,0,136.615137249231
0,0,0,8488.80192103982,12.4413329958916,5.48182100057602,0,0,8.92288866639137,56318.8224193156,0,38653.9218326509,0,0,81.3319498300552,0,0,0,0,0,0,0,0,24.7360398471355,0,0,0,3717.27553662658,0,0,0,0,0,0,0,3.17480373382568,0,0,0,29.4668280482292,0,0,0,0,0,0,0,0,0,0,0,0,0,0,0,0,0,0,0,0,176.629700183868,0,0,0,0,0,0,0,0,0,0,0,0,0,0,0,0,0,0,0,0,0,0,0
25.4479785561562,153.534722477198,1756.33037626743,0,114.978950321674,50.4140159785748,39.5951033830643,315.373545825481,4.04063254594803,1.01559734344482,1444.73093681037,4.6108124256134,2925.15747226775,311.356388345361,733.202103286982,28909.1345574558,4252.56658256054,1031.41375230253,613.507318109274,0,0,1951.51738885045,60604.7883338034,4068.32364335656,492.356408178806,1885.03171160817,2829.26049520075,39687.3035797179,591.023207932711,51891.2971086651,10.3297587633133,625.901155769825,37.3108485639095,12615.4379119575,7225.41177973151,57139.3651919216,3983.91613033414,35120.865872398,12714.4584005177,1120.38757374883,1696.81020432711,241.236966609955,121.684954732656,39.8908056616783,9.46893712878227,203.246905565262,283.687602341175,19.2606599032879,8.78296631574631,2.39473286271095,16.4634091258049,0.742204070091248,0,0,4.39377573132515,0,0.909777253866196,70.9402814209461,4.10150054097176,82.4048249721527,4.65447306632996,21.9258157610893,9.88342115283012,10.8861292600632,5797.67892736197,8.31302666664124,6.53868672251701,16.8560764193535,5.75463196635246,3383.68534377217,355.702133357525,1241.29698824883,491.293075799942,2.4923814535141,14.5110053122044,64.1362174749374,280.693207025528,3.98040124773979,0,1.58215799927711,6.95163398981094,0,10.2785102128983,3673.90456882119
0,2015.56235957146,6.50400522351265,0,0,1.58044070005417,5.92906254529953,0,5039.48180529475,0,94.511062502861,0,458.108403861523,2.99983686208725,0.912267506122589,14248.7482942939,4.60626798868179,2.84797260165215,1.86252331733704,0,1951.51738885045,0,1971.40262708068,13549.0208470821,1043.3592569977,156.980763882399,17094.184594363,2805.56386804581,0.422829508781433,45.3991451561451,78.5524084568024,2.60286512970924,0,11.4244655668736,6.77335119247437,167.025424003601,51.9300330281258,56.748799175024,27.3367441892624,5.59881314635277,14.3814425170422,54.8372166007757,40.0790530443192,3.87329751253128,0.812814652919769,9.52802169322968,47.6076591014862,2.13653174042702,0,0,97.8606404066086,3.46584144234657,1.96456062793732,0,0,0,0,28.8135465681553,0,30.1344934403896,0,47.0391238927841,2.39098551869392,1.86095863580704,2317.35612607002,3.21536201238632,0.797434896230698,3.80639904737473,2.0854868888855,920.537932932377,170.670670509338,707.77644303441,149.768375873566,7.10130879282951,16.7813690304756,2740.8476754427,71.4372375309467,0,0,3.66913589835167,1.73162698745728,0,1.88159692287445,2.67041450738907
9.98915007710457,42.0729116499424,28105.5599398315,0,19.4158591628075,25.295861274004,12.6163975000381,89.9226257801056,0.351429522037506,1.77673104405403,1296.23125077784,0,1052.82315948606,80.585055783391,147.726282477379,5737.95423331857,26874.0382671207,1073.84312270582,1263.85023184121,0,60604.7883338034,1971.40262708068,0,21.0974483788013,18.9430952072144,14380.422602281,3752.78007707,418.478568613529,109.369770348072,1750.69526930153,3.68687298893929,143.805148214102,8.60270830988884,5011.09553059936,2032.58028326929,22642.9520178884,2051.40314970911,12132.7946253121,4997.6630243212,344.239273667336,453.714700847864,101.19298735261,97.5224832594395,14.9221488833427,4.43393501639366,95.0103040933609,61.8128080368042,15.6661525070667,0,0,25.2108232975006,7.19620686769485,0,0,0,0,0,48.0042808353901,0,13.1406177580357,0.309992045164108,1.88749846816063,1.12820255756378,4.73006594181061,8678.93586927652,3.11496841907501,3.05087447166443,5.75224378705025,1.55158281326294,1421.74005967379,650.295320272446,5341.69611015916,55.1089153885841,0,14.5000512003899,2776.38179275393,43.2585626989603,0,0,0.340118914842606,2.48949810862541,0,4.13120767474174,1674.7722171247
0.49871090054512,1687.14767062664,4.03588834404945,327.028470575809,169.439510732889,55.8789279460907,1097.57053112984,13.3534631729126,61949.15538764,611.422275662422,88.0447959303856,153.103434711695,1101.1076091677,11.7955116629601,1086.62054049969,4807.05592277646,2.7830368578434,5.51758399605751,0.499690026044846,24.7360398471355,4068.32364335656,13549.0208470821,21.0974483788013,0,2525.00148320198,113.885367870331,5502.280631423,35371.8567388952,6.17707592248917,1557.17771503329,39.7498703598976,30.1099890768528,0,66.8894689977169,67.4738378226757,4206.02369070053,59.8518525511026,83.131775200367,37.1711772084236,2109.25986796618,72.4115435779095,37.8189812600613,65.1635826230049,6.55827206373215,7.73037961125374,4.10515862703323,449.267296999693,0,3.22571390867233,1.95422929525375,32.0717241466045,0,419.732681035995,6.44684422016144,21.8978973925114,46.4979794025421,2.85963299870491,387.76132813096,14.3604818582535,101.916604042053,16.7974102497101,62.9060771465302,18.0485782474279,101.010051846504,1630.1977994591,0,1.45397001504898,1.50244358181953,128.552232801914,904.22591778636,70.5763890445232,35.0587420463562,1517.53495156765,0,3.06334933638573,78.9396940171719,881.519721865654,4.11396315693855,0,1.55697697401047,6.18567490577698,0,14.2414554655552,15.3841730952263
4.09449556469917,2618.64895473421,3.92341375350952,9.78028476238251,22.2988754808903,7.23807337880135,33.6999239325523,31.5097849667072,625.367998749018,39.8967306613922,2333.89734226465,37.9421387463808,19563.6554903239,40.4940503835678,73.1610037237406,464.51419775188,0,11.6110214591026,0,0,492.356408178806,1043.3592569977,18.9430952072144,2525.00148320198,0,362.478458404541,6313.59339742362,1949.38840034604,24.4763794839382,73.0117425620556,444.249051243067,63.5080862939358,0.424189627170563,160.696263536811,8.33830350637436,425.34756411612,237.112825408578,99.2470994889736,26.6864305734634,1540.92351721227,27.145176410675,675.459040284157,937.280391857028,160.9245762676,26.2035125792027,20.7479418516159,2008.27985593677,34.7906993031502,135.091825067997,18.3598119318485,1261.84785071015,0,3.45633190870285,21.5068402290344,65.0244488418102,19.6399445235729,50.1249566674232,75.6182398945093,15.5388837009668,2146.64628982544,2.44361053407192,4141.17684453726,286.332281932235,28.691487044096,913.75631698966,0,9.54119342565536,1.48765549063683,4.65856498479843,470.236394032836,58.1180423349142,10.0008078217506,2141.09133327007,977.355680912733,167.393186807632,2379.22574023902,1447.63059300184,76.5682857781649,5.29167756438255,451.380169272423,91.0470458567142,1.52350437641144,188.947229430079,6.03043210506439
39.8570107370615,482.656923592091,54913.3161854744,0,7.39902821183205,50.7064313590527,36.9187702834606,157.560479089618,86.1680943369865,0.788933873176575,9257.15471893549,0.561611175537109,1777.68201047182,377.032083645463,76.6834737360477,256.802900135517,26496.6459929347,9049.33638431132,31945.6998372525,0,1885.03171160817,156.980763882399,14380.422602281,113.885367870331,362.478458404541,0,30561.8547243923,206.011250913143,277.863292634487,265.280827045441,4219.59010073543,265.909195840359,5.75779575109482,7830.2904227823,986.589217215776,12910.4194147289,14217.6265784502,8407.84658429027,10753.2068767846,175.680192112923,234.935179576278,98.798852533102,52.7118037641048,136.94316790998,1.76672953367233,71.0150560736656,7.46945196390152,13.6377084851265,34.6236655116081,0,559.780230984092,0,0,0,0,0,0,4.94455835223198,0,1343.34857238829,2.3213946223259,4103.61700031161,3.90289840102196,0.751739323139191,4.1022099852562,4.17622146010399,0.481578707695007,3.60265126824379,0,0.84608781337738,19.3253728151321,7.10328969359398,0.553958490490913,228.665437072515,1771.38723066449,11714.1781268269,0,3.01303488016129,0,1821.83945825696,4.38539585471153,0,32.9206922352314,1024.00556482375
12.1776392012835,39908.4232947826,13054.7166827321,0.85163152217865,12.8632372319698,21.9505866467953,26.6775986105204,61.1892365664244,3711.26058223844,0.88368147611618,1419.48148812354,0.741160988807678,3072.35368777812,108.550078883767,124.260419756174,11155.076709792,11717.9974001348,1202.52070485055,1713.01827956736,0,2829.26049520075,17094.184594363,3752.78007707,5502.280631423,6313.59339742362,30561.8547243923,0,2227.45117849112,77.6056600362062,210.343821570277,352.869244605303,111.171989440918,5.65623608231544,3560.18263946474,1380.23154592514,17511.4717775136,6455.95415723324,5314.98625852168,7144.07980056107,191.342546373606,263.175499498844,112.761816352606,516.05602645874,244.043523907661,28.8651756942272,278.327846094966,12.7852205634117,18.2322602272034,21.9449705183506,0,12370.7522729635,383.018722116947,0,2.01176404953003,0,0,1.02479541301727,22.5031576752663,0,1132.52354155481,0.381144493818283,5361.53502176702,4.66544103622437,0,5789.92967376113,199.755106896162,3.46520322561264,155.950255036354,0,17.752383440733,677.926635950804,2904.3991214335,11.2298344969749,808.25311461091,5515.35981722176,118925.854183435,1.23804903030396,2.90763276815414,0,2289.4788634181,5.53816139698029,0,29.523405790329,1396.3787727356
27.4512314200401,501.358853161335,115.818170890212,8070.9242298007,180.137939929962,84.2065246105194,35393.3109638393,319.485776424408,9108.15893051028,2152.90790267289,193.267422869802,479.353361040354,1555.91451449692,310.57258901,1093.44090387225,8329.04045702517,39.5718490481377,81.1343803852797,20.2913597226143,3717.27553662658,39687.3035797179,2805.56386804581,418.478568613529,35371.8567388952,1949.38840034604,206.011250913143,2227.45117849112,0,91.9890121072531,63973.1732723266,10.9285123348236,746.77895411849,5.64635103940964,5082.52543030679,3212.79761070013,13249.051871717,471.583075404167,3475.82078452408,1819.21271577477,1233.16522198915,866.488464683294,113.824047341943,56.1457752585411,9.87202295660973,0.438136488199234,43.2760724425316,458.407796144485,8.30168873071671,4.40015411376953,0.521681010723114,3.23611065745354,0,103.374783873558,4.9321476817131,10.2126970291138,19.0619232654572,0.831977963447571,88.2138500809669,8.47261190414429,105.495274245739,2.16172561049461,45.7840612828732,14.3655376434326,37.5104054808617,1606.21534734964,1.29090118408203,2.62734553217888,1.25847479701042,23.6915068626404,879.840873122215,40.781256377697,55.6689197123051,509.495495632291,0,1.54441574215889,21.0213834941387,338.897727221251,2.36617377400398,0,0.373482018709183,3.65772506594658,0,18.0552344322205,769.21242031455
7444.39183138311,0,20.7447874546051,0,133.61874333024,485.770975738764,824.554146766663,1882.719971627,1.50750684738159,1.36393368244171,2364.32152634859,0,679.135643839836,11880.0141097903,162.629125922918,48.383907943964,25.6638475954533,341.717508792877,59.2858436107635,0,591.023207932711,0.422829508781433,109.369770348072,6.17707592248917,24.4763794839382,277.863292634487,77.6056600362062,91.9890121072531,0,18306.9359617531,29.4789584875107,4436.48678848147,10560.7798928618,8092.63144889474,413.643698513508,1720.36509546638,356.442797660828,926.802359625697,756.583023488522,552.155092120171,534.773271948099,130.761719018221,5.53090566396713,2.22382587194443,0,7.5527645945549,0.422968566417694,0,0.551762104034424,0,0,0,0,0,0,0,0,0,0,3.41858276724815,0.566250264644623,1.07090479135513,0,0,2.42861053347588,0,0,1.63425016403198,0,1.02200201153755,0,2.00042992830276,0.901924848556519,1.88824021816254,0,0.306906193494797,0,0,0,0.443575024604797,0,0,0,81.874349206686
1330.0104752183,8.14680022001266,64.9351013898849,0,144.76124446094,1223.15397486091,8104.13852451742,3661.43887799978,17.71029484272,3.32052853703499,845.148690760136,0,619.982776507735,7719.17165003717,123.776655390859,86.2037260383368,394.108002841473,245.71726334095,87.7303732782602,0,51891.2971086651,45.3991451561451,1750.69526930153,1557.17771503329,73.0117425620556,265.280827045441,210.343821570277,63973.1732723266,18306.9359617531,0,8.55785664916039,453.683199852705,498.394556254148,9647.26169262826,728.375761389732,2107.63247355819,256.249310195446,8814.34369710088,2040.42349727452,569.731281131506,461.521771997213,92.5493568181992,9.57989549636841,1.6301457285881,1.60525834560394,14.3678162992001,13.571000546217,0.995115876197815,0,0,0.393349558115005,0.771692514419556,0,0,0,0,0,0,0,7.43718931078911,0.334885507822037,1.24751080572605,0,0,43.7215127646923,0,0,0,0,24.496315523982,1.93138453364372,2.68563830852509,9.98850168287754,0,2.10091030597687,1.87908330559731,2.95259675383568,0,0,0,0,0,1.62171286344528,330.594312906265
3.90288886427879,217.191235125065,0,0,0.958114087581635,9.555608689785,3.5296128988266,22.8930633068085,21.5836300849915,0,3548.13326659799,0.525347769260406,6032.35144364834,42.3535429239273,1.13575690984726,3.58801051974297,1.58724009990692,13.3543223142624,4.25615531206131,0,10.3297587633133,78.5524084568024,3.68687298893929,39.7498703598976,444.249051243067,4219.59010073543,352.869244605303,10.9285123348236,29.4789584875107,8.55785664916039,0,65.3140299022198,0.844102025032043,247.948544442654,6.45891460776329,119.242917537689,1270.94308900833,387.669047832489,43.0158365666866,7.87692084908485,11.6383265256882,75.3789283633232,4.60108920931816,87.1500216126442,0.570031076669693,3.79059091210365,0,5.7822260260582,44.8225181996822,0,56.9875777512789,0,0,0,0,0,0.621118128299713,0.393131822347641,0,1413.93150506914,0,2892.51059129834,5.74851846694946,0,3.14481806755066,0,1.26869881153107,0,0,0,8.81198513507843,0,0.47812694311142,147.864483237267,362.034296065569,1943.96450810134,0,4.66814574599266,0.879126489162445,974.90953785181,6.54367998242378,0,31.5455146431923,6.72678130865097
31.4407701939344,2.73461425304413,52.7627050280571,1.20868313312531,433.018966704607,913.091462507844,69.1963358223438,1791.04211269319,1.20416086912155,8.9855090379715,3175.66416400671,1.82144141197205,1400.89769145846,1038.04118844867,257.674449205399,65.6615450382233,22.4141105413437,233.011977881193,34.6595035493374,0,625.901155769825,2.60286512970924,143.805148214102,30.1099890768528,63.5080862939358,265.909195840359,111.171989440918,746.77895411849,4436.48678848147,453.683199852705,65.3140299022198,0,125.102118998766,13700.6735411435,642.968516170979,4640.45123440027,858.842787012458,1060.13150319457,721.702029690146,1651.85233016312,6097.02973380685,439.385672867298,10.7168028652668,1.60340636968613,0,10.2262711524963,12.0704475343227,0,0,0,0,0,0,0,0.406565010547638,0,0,0.931297600269318,0.603457689285278,6.18222057819366,0,2.5897910296917,1.62237173318863,1.99127447605133,10.8009048998356,0,0,0,0,5.56332358717918,1.06795471906662,1.58624443411827,6.0938429236412,1.63004326820374,0,0.973975241184235,3.04889014363289,0,0,0,0.310267359018326,0,1.91364485025406,80.7678212225437
19.750651538372,0,3.81271716952324,0,15.3502240777016,16.1602859795094,10.9585099518299,87.8687172234058,0,0,39.741571187973,0,40.4820019602776,134.713993370533,11.0634982585907,1.31491276621819,0,7.21028459072113,1.23667734861374,0,37.3108485639095,0,8.60270830988884,0,0.424189627170563,5.75779575109482,5.65623608231544,5.64635103940964,10560.7798928618,498.394556254148,0.844102025032043,125.102118998766,0,1012.96881633997,47.9543614387512,121.810656249523,21.6482549011707,74.446790844202,88.449627071619,46.438274294138,69.465683221817,11.7310074269772,1.05743658542633,0,0,0.81421571969986,0,0,0,0,0,0,0,0,0,0,0,0,0,0,0,0.529319226741791,0,0,0,0,0,0,0,0,0,0.665032744407654,0,0,0,0,0.315916448831558,0,0,0,0,0,0,11.7707740366459
307.316174596548,22.6589209735394,1185.72606287897,0,743.854827076197,932.435689002275,287.901637166739,1304.3372515291,3.26743102073669,1.10444939136505,24425.1155405194,1.68950819969177,3555.98232829571,2896.05785410106,154.096417993307,255.777945801616,4675.88874560595,3981.0255818367,3135.12259981036,0,12615.4379119575,11.4244655668736,5011.09553059936,66.8894689977169,160.696263536811,7830.2904227823,3560.18263946474,5082.52543030679,8092.63144889474,9647.26169262826,247.948544442654,13700.6735411435,1012.96881633997,0,651.347216069698,3015.1891656667,2364.76524804533,5084.1854172647,1817.26433682442,657.228863939643,1029.98454400897,2701.79144278169,13.5340895056725,11.1358325481415,0,10.5837610661983,12.904804110527,5.10520702600479,8.22262454032898,0,9.36056679487228,0,0,0,0.308727025985718,0,0,0,0,56.0129944384098,0,58.3869916796684,1.24171677231789,0,17.3946568071842,0,0,3.68861317634583,0,5.79876551032066,2.34431260824203,6.04446232318878,9.57953155040741,3.89392471313477,13.9706661701202,74.9143845885992,4.32893577218056,1.67559707164764,0,12.8269025683403,1.23058211803436,0,3.48150110244751,190.900110304356
19.6992461979389,3.06664139032364,584.132420063019,0,258.542871028185,2229.24941578507,11.7782114744186,288.581769824028,0,279.406752765179,571.680092543364,8025.07652029395,641.88112077117,246.268065243959,541.884402632713,789.440635293722,198.288046717644,512.350299954414,146.669970780611,0,7225.41177973151,6.77335119247437,2032.58028326929,67.4738378226757,8.33830350637436,986.589217215776,1380.23154592514,3212.79761070013,413.643698513508,728.375761389732,6.45891460776329,642.968516170979,47.9543614387512,651.347216069698,0,10115.9484622478,1655.64197009802,691.356429368258,1525.37664759159,313.350935012102,335.349311053753,160.625410616398,2650.73576506972,598.314593672752,77.9929872751236,2897.82041800022,106.435655117035,234.963342964649,49.0991941690445,3.65661886334419,2.496950507164,64.3093604445457,0,6.71125185489655,231.113128691912,4.13067522644997,5.69221720099449,0,30.8019301593304,539.131406843662,3151.61827853322,46.3467722535133,50.705430328846,157.787482500076,120.066167682409,230.373172432184,278.676255047321,343.986889451742,0,1098.8876312077,2.80877214670181,941.353716433048,31.321392595768,3.2585209608078,718.312947332859,1122.71935930848,158.687669187784,31.1445064544678,42.9945161342621,51.4759734272957,63.5580399930477,1.39924296736717,74.8844867646694,438860.591094553
203.639771819115,92.6705866158009,4710.3444994688,212.678892582655,1340.69154298306,894.114170044661,566.497457414865,3229.17056494951,65.459535241127,335.503775119781,7875.64233765006,305.395257055759,6110.02653636038,2672.73597125709,1057.53118658066,11928.5962787271,1381.12374985218,7812.43804101646,1700.20360998809,3.17480373382568,57139.3651919216,167.025424003601,22642.9520178884,4206.02369070053,425.34756411612,12910.4194147289,17511.4717775136,13249.051871717,1720.36509546638,2107.63247355819,119.242917537689,4640.45123440027,121.810656249523,3015.1891656667,10115.9484622478,0,25170.9133270383,6627.25852590799,5612.79584273696,8773.30926722288,2524.96951332688,737.806662678719,155.190182477236,58.3110127151012,1.98893624544144,65.9332283437252,32.5171542167664,13.484317779541,5.31167030334473,0,68.2703968584538,6.21530210971832,0,10.8831017017365,8.23257863521576,1.08997857570648,4.19686031341553,0.532219529151917,0.324057310819626,54.3443378210068,8.45013439655304,36.8964617997408,10.6680029034615,2.08562326431274,467.676380261779,10.019772619009,12.7761468887329,11.3530345857143,0,311.451199054718,37.1944340467453,242.390039592981,31.1689268648624,2.24691337347031,53.6289131045341,317.653106868267,37.3288444876671,8.77827456593513,0.735119730234146,10.6045088469982,15.708175599575,0,7.57873889803886,1877.98559689522
32.6745488345623,101.326690793037,385.382750451565,0.660020589828491,59.1995024681091,102.117939054966,48.6521174758673,330.174837857485,17.3680061399937,5.43957117199898,15722.4587505162,16.3967696428299,7355.91223433614,384.638789817691,133.262387394905,1784.10161104798,240.845084965229,5003.76810392737,634.127430617809,0,3983.91613033414,51.9300330281258,2051.40314970911,59.8518525511026,237.112825408578,14217.6265784502,6455.95415723324,471.583075404167,356.442797660828,256.249310195446,1270.94308900833,858.842787012458,21.6482549011707,2364.76524804533,1655.64197009802,25170.9133270383,0,8441.5534734726,9370.47149848938,1193.72836321592,1166.10676699877,2503.94838878512,92.4518640935421,59.2191120386124,6.85835710167885,86.4669262170792,2.77429062128067,15.7954141497612,42.1332289278507,0,80.2887372076511,1.27522444725037,0,0,1.41357159614563,0,1.1436094045639,0,0,545.397225856781,3.30686724185944,419.338692486286,3.41234517097473,0,71.3403630852699,6.53069400787354,14.9495964348316,7.07093650102615,0,37.9542024433613,4.36869198083878,45.0286585688591,3.9244233071804,31.8462532162666,100.136423915625,765.277201414108,0.869458258152008,4.21138942241669,0,128.063750684261,9.91115733981133,0,24.8183165788651,1195.51641082764
45.6409576535225,45.1139204502106,2120.6212156713,0,60.2535962164402,116.967761129141,58.9565708637238,383.915402472019,6.50928437709808,7.89140781760216,12272.4438613504,6.32724422216415,6411.35625989735,563.23454387486,91.6909435391426,4034.1904515326,2489.76871059835,5515.77816447616,2034.35771045089,0,35120.865872398,56.748799175024,12132.7946253121,83.131775200367,99.2470994889736,8407.84658429027,5314.98625852168,3475.82078452408,926.802359625697,8814.34369710088,387.669047832489,1060.13150319457,74.446790844202,5084.1854172647,691.356429368258,6627.25852590799,8441.5534734726,0,4687.37615635991,674.777636528015,2427.772451967,1497.44928911328,30.2721761465073,14.7021951079369,0.633624017238617,54.2479347586632,25.2888086438179,3.87469500303268,1.57724434137344,0,15.1042826473713,0,0,0,0,1.29405975341797,0,0.91281670331955,0,47.3064343333244,0.697215497493744,67.8724418878555,3.7540608048439,1.49941849708557,142.608690083027,0,1.80367517471313,1.16035521030426,0,51.8000776171684,14.1926857531071,96.4989979565144,10.4085506498814,2.96683841943741,10.4628854691982,143.811506688595,8.39920821785927,0,0,19.4739240705967,1.89530336856842,0,2.75494781136513,445.748458921909
32.1742895245552,46.887518197298,2234.9693030417,0,65.0131805539131,106.457981616259,40.9223805516958,287.995069146156,2.55624604225159,3.66584688425064,4691.65894764662,3.86270946264267,4184.31410184503,379.845550537109,112.15995657444,1239.09757307172,2179.95787531137,7044.02879264951,2128.91651549935,0,12714.4584005177,27.3367441892624,4997.6630243212,37.1711772084236,26.6864305734634,10753.2068767846,7144.07980056107,1819.21271577477,756.583023488522,2040.42349727452,43.0158365666866,721.702029690146,88.449627071619,1817.26433682442,1525.37664759159,5612.79584273696,9370.47149848938,4687.37615635991,0,517.841128081083,3312.59406638145,425.897330850363,41.9281290173531,36.6713976264,4.06797635555267,163.939403265715,7.59772443771362,13.5180615186691,1.56183516979218,0,40.0534070432186,5.62197494506836,0,0,2.28451532125473,0,0,0.356990784406662,0,23.1932708621025,1.40780282020569,12.0179389417171,1.81531846523285,0.612075328826904,50.7929118573666,8.88621348142624,13.4667626023293,21.1519297659397,0,46.7345181405544,6.6995764374733,50.7755533754826,1.44532626867294,1.05920648574829,23.5945510864258,245.873237520456,5.09173908829689,2.20299792289734,0,4.19024702906609,0,0,3.39562696218491,2357.84054264426
98.9531601071358,4.77761256694794,74.0459682047367,483.886281609535,12385.7041078806,6363.23174566031,328.811756029725,3168.08287158608,1104.56927210093,1112.92738011479,441.879010483623,2099.4506688118,3485.15755479038,1076.40237748623,4436.90096190572,168.484129101038,17.8589135110378,114.961335390806,17.232617020607,29.4668280482292,1120.38757374883,5.59881314635277,344.239273667336,2109.25986796618,1540.92351721227,175.680192112923,191.342546373606,1233.16522198915,552.155092120171,569.731281131506,7.87692084908485,1651.85233016312,46.438274294138,657.228863939643,313.350935012102,8773.30926722288,1193.72836321592,674.777636528015,517.841128081083,0,561.015296429396,190.168536618352,32.8007550537586,2.97167718410492,4.32444709539413,7.2684885263443,129.339924395084,1.36208075284958,1.37676182389259,0,0,0,13.4213674068451,0.3825643658638,2.29921038448811,0.250427901744843,1.78054830431938,3.41958606243134,0.781520962715149,100.395387232304,0,35.8619271814823,6.38035777211189,2.18008655309677,335.780179738998,0,3.83052785694599,1.73905336856842,4.73362767696381,187.357875525951,6.00309425592422,18.9438986331224,67.0749874413013,2.36555361747742,3.63862964510918,5.62573033571243,53.2134045958519,2.1378408074379,0,1.91285321116447,0.807677567005157,0,4.11180937290192,86.429644882679
14.8416056632996,3.55655923485756,137.195259332657,1.65801334381104,4941.2828643322,378.862123072147,16.620953977108,146.414049327374,11.022339195013,3.92993867397308,655.57279381156,8.53691649436951,2437.43287318945,157.018773883581,45.5817447602749,121.748509511352,80.2095640897751,147.61450189352,23.760444432497,0,1696.81020432711,14.3814425170422,453.714700847864,72.4115435779095,27.145176410675,234.935179576278,263.175499498844,866.488464683294,534.773271948099,461.521771997213,11.6383265256882,6097.02973380685,69.465683221817,1029.98454400897,335.349311053753,2524.96951332688,1166.10676699877,2427.772451967,3312.59406638145,561.015296429396,0,723.617841273546,5.80360794067383,3.87497437000275,0,6.90246361494064,25.7122980058193,0,1.00367832183838,0,0,0,0,0,3.37549531459808,0,1.60411107540131,0,0,1.90597534179688,0,0.438299238681793,1.19978007674217,0,13.6252584308386,0,2.0567053258419,0,0,8.34177039563656,1.06117723882198,2.46337583661079,9.73278945684433,0,1.16253781318665,4.9642385840416,8.02950456738472,0,0,0.423042178153992,0,0,0,85.8929585516453
9.76594957709312,134.577356338501,28.8147231340408,3.32729983329773,27.9029641747475,42.4518376290798,16.0387472510338,167.778419047594,10.8147553503513,0.507278442382812,5579.68533042073,1.11576175689697,12109.0988029242,166.929204851389,13.6092132925987,44.1775453090668,10.7504313290119,57.6711972951889,14.0104584991932,0,241.236966609955,54.8372166007757,101.19298735261,37.8189812600613,675.459040284157,98.798852533102,112.761816352606,113.824047341943,130.761719018221,92.5493568181992,75.3789283633232,439.385672867298,11.7310074269772,2701.79144278169,160.625410616398,737.806662678719,2503.94838878512,1497.44928911328,425.897330850363,190.168536618352,723.617841273546,0,11.0359721183777,11.4449360966682,0.88681036233902,2.97415828704834,14.4206023216248,0,6.00457292795181,0,5.8240630030632,0,0,0,0.396495461463928,0,0,0,0,88.7462992370129,0,140.283274590969,2.63101801276207,2.00860285758972,4.56605777144432,0,0.444645196199417,2.00243839621544,0,2.57352283596992,0,4.92774945497513,7.10242566466331,11.9577598571777,3.26942473649979,45.0826143324375,4.75455862283707,1.13255220651627,0,35.6074003279209,2.42873346805573,0,3.01985937356949,70.4369979500771
1.26181149482727,25.9128732085228,10.2709055244923,0,4.50313818454742,5.23124384880066,2.0096643269062,7.51413476467133,20.5059916377068,0.274137616157532,53.2683726549149,7.92573726177216,209.387072339654,7.37465280294418,0.453193575143814,156.401754468679,6.27200222015381,19.6368346810341,3.30132523179054,0,121.684954732656,40.0790530443192,97.5224832594395,65.1635826230049,937.280391857028,52.7118037641048,516.05602645874,56.1457752585411,5.53090566396713,9.57989549636841,4.60108920931816,10.7168028652668,1.05743658542633,13.5340895056725,2650.73576506972,155.190182477236,92.4518640935421,30.2721761465073,41.9281290173531,32.8007550537586,5.80360794067383,11.0359721183777,0,14401.8738408685,2433.87295161188,5466.28849995136,5840.98000769317,2513.60859060287,2391.807094872,246.448854744434,160.725887686014,867.58332836628,16.8680930137634,1075.21080252528,1281.41123318672,451.04194368422,1257.88389199972,232.989881873131,67.8462758660316,10625.4289450645,35.2710610628128,727.007434040308,5034.72034518421,196.05435320735,9085.39883086085,1262.20996040106,3426.71980969608,2457.1693251133,14.7578303813934,36955.1851442754,126.807988375425,29010.3584488928,3252.01637428999,62.6733809113503,12114.8944002688,23933.5662877709,7797.77001711726,2029.71474997699,402.816041499376,1036.0105831176,4370.52073320746,67.1219556629658,1997.17801885307,9183.67073470354
0,18.9576348662376,2.5891752243042,0,4.11442649364471,0,0,3.03767395019531,0.547292709350586,0,354.683365345001,1.45113551616669,1100.52216392756,1.1108130812645,7.74129283428192,27.1200695037842,4.66753450036049,2.13410228490829,0,0,39.8908056616783,3.87329751253128,14.9221488833427,6.55827206373215,160.9245762676,136.94316790998,244.043523907661,9.87202295660973,2.22382587194443,1.6301457285881,87.1500216126442,1.60340636968613,0,11.1358325481415,598.314593672752,58.3110127151012,59.2191120386124,14.7021951079369,36.6713976264,2.97167718410492,3.87497437000275,11.4449360966682,14401.8738408685,0,7113.10465832055,6411.27490895987,987.223622724414,1262.69205078483,3654.1217815876,33.2304231226444,149.566343814135,36.5317297577858,0,101.381210237741,79.4786330014467,31.5709389448166,67.1253220438957,19.357173115015,4.57753801345825,15449.4382374138,7.04301595687866,2277.79088845849,774.048563450575,139.245461583138,1623.16666120291,97.1375661790371,1638.17226842046,240.09614238143,0,3849.63942931592,41.6036175787449,2967.45496816933,90.0777648985386,103.220622092485,7413.99045281112,4937.85223191977,230.576244235039,460.162431418896,128.52056607604,1361.517388165,1196.6598354578,29.0980980098248,2243.88411691785,1297.12306538224
0,4.76236611604691,0.973621249198914,0,1.47199499607086,0,0,1.47946047782898,0,0,3.61128467321396,0,38.0197623670101,0,3.77592313289642,7.30551236867905,0,0,0,0,9.46893712878227,0.812814652919769,4.43393501639366,7.73037961125374,26.2035125792027,1.76672953367233,28.8651756942272,0.438136488199234,0,1.60525834560394,0.570031076669693,0,0,0,77.9929872751236,1.98893624544144,6.85835710167885,0.633624017238617,4.06797635555267,4.32444709539413,0,0.88681036233902,2433.87295161188,7113.10465832055,0,13239.400066644,213.71153908968,940.342181891203,924.944161087275,15.8563186377287,8.8662289083004,279.208827152848,0,20.6236060261726,20.544281065464,23.8888502418995,13.4574782252312,0,1.22753664851189,3519.32172097266,1.79822713136673,738.189877420664,154.787574097514,19.64501324296,374.760929524899,3020.06466343999,2352.189197734,3224.96369630098,0,10022.2090261728,8.26750811934471,9509.77664949,103.205934435129,15.384371817112,2287.24099034071,2222.92954622209,377.833824858069,177.238838627934,255.590390279889,434.475025266409,245.55919662118,13.1192511916161,1370.66533753276,147.108793199062
0,10.367832005024,38.4130694568157,0,27.2626190781593,0,0,4.47990262508392,2.51981395483017,0,33.1993670165539,0,65.5465487241745,0.346564888954163,43.7025215625763,51.8643143773079,17.6625242829323,22.6830917298794,4.62202352285385,0,203.246905565262,9.52802169322968,95.0103040933609,4.10515862703323,20.7479418516159,71.0150560736656,278.327846094966,43.2760724425316,7.5527645945549,14.3678162992001,3.79059091210365,10.2262711524963,0.81421571969986,10.5837610661983,2897.82041800022,65.9332283437252,86.4669262170792,54.2479347586632,163.939403265715,7.2684885263443,6.90246361494064,2.97415828704834,5466.28849995136,6411.27490895987,13239.400066644,0,2626.30087289214,6049.80832901597,475.366936922073,32.3503658026457,56.1836456954479,993.013278573751,0,129.800944179296,79.1757203042507,45.7285005450249,52.3681298792362,2.96439409255981,1.97899490594864,9216.45125195384,16.6963804960251,867.604679405689,501.841961950064,144.234975546598,910.048346579075,3947.92117804289,4704.08570769429,5865.36386539042,0,15466.2363325506,12.1840785741806,18184.0690565109,233.975711137056,37.3176890611649,9217.0551854074,10614.3472809196,1002.09146976471,374.413901299238,382.819837808609,1335.03130578995,786.258961617947,23.9941218197346,1220.54117912054,2785.97216811776
0,2.05625486373901,0.467359125614166,0.554799437522888,9.22080558538437,0.645937114953995,2.17384049296379,3.94489531219006,134.930087447166,4.95850303769112,20.3740756809711,1.84376895427704,284.648732811213,1.72411492466927,10.6344111561775,360.246449500322,2.73806756734848,0,0,0,283.687602341175,47.6076591014862,61.8128080368042,449.267296999693,2008.27985593677,7.46945196390152,12.7852205634117,458.407796144485,0.422968566417694,13.571000546217,0,12.0704475343227,0,12.904804110527,106.435655117035,32.5171542167664,2.77429062128067,25.2888086438179,7.59772443771362,129.339924395084,25.7122980058193,14.4206023216248,5840.98000769317,987.223622724414,213.71153908968,2626.30087289214,0,436.498711377382,262.071443021297,231.971138894558,252.17858928442,150.027150839567,537.233302950859,11324.6417826116,3945.96212914586,570.571450397372,2198.65646910667,4045.31689301133,351.836753860116,2536.03832243383,243.56023041904,423.477158159018,2796.67784534395,5355.43357107043,559.767763018608,366.235212594271,188.643291816115,247.646832033992,895.917829036713,7264.41972593963,632.019936919212,3248.66092082858,1113.31589439511,75.2775637507439,602.24345934391,1806.65892526507,2123.19563692808,978.802132755518,586.61949595809,53.9150632172823,1953.28137883544,84.2329039871693,391.794991105795,333.23363801837
0,0,0.828086912631989,0,0.427553832530975,0,0,0,1.27784740924835,0,11.9252977371216,0,36.5115022361279,0,0,8.52449148893356,0.885720074176788,2.74331748485565,0.422317653894424,0,19.2606599032879,2.13653174042702,15.6661525070667,0,34.7906993031502,13.6377084851265,18.2322602272034,8.30168873071671,0,0.995115876197815,5.7822260260582,0,0,5.10520702600479,234.963342964649,13.484317779541,15.7954141497612,3.87469500303268,13.5180615186691,1.36208075284958,0,0,2513.60859060287,1262.69205078483,940.342181891203,6049.80832901597,436.498711377382,0,444.545986562967,12.4467922449112,6.70445024967194,70.1277122497559,0,3624.84611746669,293.49464699626,29.0973961949348,76.8033231794834,0,0.629988670349121,2592.69696708024,9.57522618770599,497.790378510952,324.325024932623,41.4422633647919,145.22459179163,232.118310302496,701.35359570384,574.662082403898,1.13842523097992,2523.5342823118,3.26354002952576,1692.96316918731,87.42236790061,18.8051177859306,792.270636439323,865.68959453702,428.326682090759,308.489906728268,144.5183057338,166.186122953892,9912.24070695043,24.4287704527378,597.254715934396,652.722553879023
0,7.6714568734169,3.175288438797,0,0,1.19152200222015,0,0,0.430207878351212,0,193.426504075527,0,680.031633555889,0,0,2.91738429665565,0,0,0,0,8.78296631574631,0,0,3.22571390867233,135.091825067997,34.6236655116081,21.9449705183506,4.40015411376953,0.551762104034424,0,44.8225181996822,0,0,8.22262454032898,49.0991941690445,5.31167030334473,42.1332289278507,1.57724434137344,1.56183516979218,1.37676182389259,1.00367832183838,6.00457292795181,2391.807094872,3654.1217815876,924.944161087275,475.366936922073,262.071443021297,444.545986562967,0,10.6319281160831,107.795141041279,5.46475768089294,0,39.5786656141281,20.2338563799858,7.55308964848518,14.0799016952515,22.6673179864883,0.343834728002548,13309.4276112169,0,5816.47701984644,225.385779559612,8.47227135300636,50.8766538798809,18.701738268137,385.742170542479,89.6584509313107,0,197.456477940083,30.3220347166061,88.2785510867834,41.2405079007149,390.214791476727,527.301883965731,301.382279008627,62.7490398287773,152.41657358408,26.3810969889164,532.872373729944,482.894195228815,7.72261774539948,1350.15509161353,163.301668673754
0,0,0,0,0,0,0,0,0,0,0.613628566265106,0.798760950565338,4.42330881953239,0,0,0,0,0,0,0,2.39473286271095,0,0,1.95422929525375,18.3598119318485,0,0,0.521681010723114,0,0,0,0,0,0,3.65661886334419,0,0,0,0,0,0,0,246.448854744434,33.2304231226444,15.8563186377287,32.3503658026457,231.971138894558,12.4467922449112,10.6319281160831,0,0,0.286783397197723,0,15.3313194811344,269.94812604785,1922.85938712955,104.025149405003,2.4196412563324,2.69461357593536,91.0277334153652,0,11.259206533432,11341.3304947913,9.29250317811966,3.50755505263805,5.13194368779659,13.7660225480795,3.14750634133816,0,167.93362121284,0,125.68049839139,1.7064405977726,0,26.8222582191229,8.1072101444006,13.2828176617622,12250.8706476837,1112.97782248259,11.3338209092617,42.8939587771893,241.842574864626,469.235631063581,30.2419818639755
0,2466.84879502654,22.4571585953236,0,0,0,0,0,15.4990001320839,0,80.5117491185665,0,345.642978221178,0.647547483444214,0,33.1788673698902,33.9728452265263,9.83752062916756,1.61594820022583,0,16.4634091258049,97.8606404066086,25.2108232975006,32.0717241466045,1261.84785071015,559.780230984092,12370.7522729635,3.23611065745354,0,0.393349558115005,56.9875777512789,0,0,9.36056679487228,2.496950507164,68.2703968584538,80.2887372076511,15.1042826473713,40.0534070432186,0,0,5.8240630030632,160.725887686014,149.566343814135,8.8662289083004,56.1836456954479,252.17858928442,6.70445024967194,107.795141041279,0,0,24.2074078321457,9.20599168539047,5.38436275720596,1.9156978726387,1.34362316131592,0,1362.64824041724,0.353110939264297,425.096670687199,10.1756641864777,543.780238300562,0.460469394922256,41.6738533675671,1680.51819905639,50.2793463766575,0,39.8073193430901,19.637668967247,282.681636869907,1205.83222395182,140.26449161768,1120.30124643445,3810.34605205059,349.447590976954,37425.3737596869,543.661123692989,0.712331905961037,1.10951748490334,60.4237875938416,6.37509474158287,0,27.1788466870785,9.86008432507515
0,12.8050980865955,0,0,0,0,0,0,0,0,0,0,1.89783200621605,0,0.661431729793549,7.49828377366066,0,0,0,0,0.742204070091248,3.46584144234657,7.19620686769485,0,0,0,383.018722116947,0,0,0.771692514419556,0,0,0,0,64.3093604445457,6.21530210971832,1.27522444725037,0,5.62197494506836,0,0,0,867.58332836628,36.5317297577858,279.208827152848,993.013278573751,150.027150839567,70.1277122497559,5.46475768089294,0.286783397197723,24.2074078321457,0,0,1.49615180492401,0,0,0,0,0,91.6409639269114,0,7.01520201563835,1.5789093375206,4.72811874747276,70.3608490228653,17593.0628750175,118.27052526176,724.420220017433,0,147.784764200449,3.03864169120789,31704.289375782,0,0,34347.1333959699,18664.9292173982,1.37335178256035,0.578380405902863,9.4781029522419,3.33017756044865,1.93168562650681,0,115.43966524303,136.734993696213
0,0,0,594.467048764229,4.14007234573364,0,21.8796973228455,0,27.479825258255,9.43550539016724,0,7.81806015968323,0,0,3.31125020980835,0.845938086509705,0,0,0,0,0,1.96456062793732,0,419.732681035995,3.45633190870285,0,0,103.374783873558,0,0,0,0,0,0,0,0,0,0,0,13.4213674068451,0,0,16.8680930137634,0,0,0,537.233302950859,0,0,0,9.20599168539047,0,0,4.41917443275452,10.5257354080677,263.860628187656,4.68258795142174,5416.7216117382,7084.9693031311,0,913.96893876791,0,3.18070578575134,250.301321238279,0,0,0.959909498691559,0,6227.3268956542,0,21.8940515816212,0,2153.70949083567,3.59528970718384,0,10.4542068839073,17310.2673884928,0,0.80013445019722,0,0,0,0,0
0,0,1.22978484630585,0,0,0,0,0,3.88238167762756,0,1.44208806753159,0,2.24530184268951,0,0,0,0,0,0,0,0,0,0,6.44684422016144,21.5068402290344,0,2.01176404953003,4.9321476817131,0,0,0,0,0,0,6.71125185489655,10.8831017017365,0,0,0,0.3825643658638,0,0,1075.21080252528,101.381210237741,20.6236060261726,129.800944179296,11324.6417826116,3624.84611746669,39.5786656141281,15.3313194811344,5.38436275720596,1.49615180492401,4.41917443275452,0,9203.5359235853,61.5062359273434,1021.55733257532,493.304034054279,143.73030897975,277.983771562576,80.0271672904491,34.5846330523491,333.699477404356,10449.0734527111,10.2515577077866,1.63366913795471,23.9383887946606,7.19935536384583,152.690037220716,166.205585241318,6.64890646934509,20.4756020605564,39.9679065346718,2.1303659081459,48.2439421117306,17.0991605222225,92.1260486245155,151.642470836639,95.0834609270096,17.3476298749447,677.759681284428,8.30808129906654,146.942191213369,148.194095522165
0,0,0.495769321918488,0,0,0,0,0,0.535415768623352,0,0,1.57508051395416,12.6397444903851,1.61052799224854,0.639844536781311,3.47316786646843,0,1.24325233697891,0,0,4.39377573132515,0,0,21.8978973925114,65.0244488418102,0,0,10.2126970291138,0,0,0,0.406565010547638,0,0.308727025985718,231.113128691912,8.23257863521576,1.41357159614563,0,2.28451532125473,2.29921038448811,3.37549531459808,0.396495461463928,1281.41123318672,79.4786330014467,20.544281065464,79.1757203042507,3945.96212914586,293.49464699626,20.2338563799858,269.94812604785,1.9156978726387,0,10.5257354080677,9203.5359235853,0,1018.10527893901,27748.7063571662,442.327967941761,23641.6030932516,227.137017697096,2448.10081371665,23.354692697525,4355.8377686888,6917.40891259909,8.63101482391357,0.345763266086578,25.833553403616,10.5492822080851,36.171154499054,156.280538588762,2.2277529835701,16.3416055142879,21.6052336990833,0,57.1186364293098,9.85478344559669,144.089679509401,942.992294222116,115.202819481492,21.5058012753725,863.624506652355,25.0083759725094,321.958752602339,2309.95874163508
0,0,0,0,0,0,3.72926604747772,0,2.85301637649536,0,0.284114867448807,3.81351542472839,2.9423508644104,0,0,2.16313457489014,0,0,0,0,0,0,0,46.4979794025421,19.6399445235729,0,0,19.0619232654572,0,0,0,0,0,0,4.13067522644997,1.08997857570648,0,1.29405975341797,0,0.250427901744843,0,0,451.04194368422,31.5709389448166,23.8888502418995,45.7285005450249,570.571450397372,29.0973961949348,7.55308964848518,1922.85938712955,1.34362316131592,0,263.860628187656,61.5062359273434,1018.10527893901,0,2590.44425435364,2159.82518325746,25226.7114985883,95.9598661065102,61.1761855781078,8.82868118584156,40998.9777215421,50.3930343389511,2.34210366010666,6.26135025918484,19.6239226609468,3.70196197926998,13.1916629970074,1164.08235546947,8.71489611268044,121.907734066248,739.552300840616,1.07894816994667,26.7111298888922,9.93204618990421,39405.4009203315,1677.93810890615,12941.986967355,13.8910810649395,33.4515250474215,49.6651021242142,511.11490817368,75.2635857313871
0,0,0,0,0,0,0,0,0,0,0.32653871178627,0,11.848563760519,0,0,2.32079720497131,0,0,0,0,0.909777253866196,0,0,2.85963299870491,50.1249566674232,0,1.02479541301727,0.831977963447571,0,0,0.621118128299713,0,0,0,5.69221720099449,4.19686031341553,1.1436094045639,0,0,1.78054830431938,1.60411107540131,0,1257.88389199972,67.1253220438957,13.4574782252312,52.3681298792362,2198.65646910667,76.8033231794834,14.0799016952515,104.025149405003,0,0,4.68258795142174,1021.55733257532,27748.7063571662,2590.44425435364,0,56.470530807972,19240.4253304601,151.332284033298,25.5434536635876,22.8986703455448,17235.1651235223,395.842725604773,5.87163338065147,0,14.9277133196592,2.7771363556385,7.51085630059242,93.2977616786957,0.498458415269852,9.90510526299477,43.8752893805504,0,43.595544308424,11.3445033729076,401.403809741139,507.491874873638,106.36384510994,13.2160876691341,7797.43370071054,15.9032308459282,224.218974143267,72.2264064252377
0,3.91747426986694,0,0,0,0,6.97999376058578,0,30.3505548536777,0,4.36059522628784,3.08961248397827,16.2763622403145,0,10.0767369270325,129.881488829851,0,0,0,0,70.9402814209461,28.8135465681553,48.0042808353901,387.76132813096,75.6182398945093,4.94455835223198,22.5031576752663,88.2138500809669,0,0,0.393131822347641,0.931297600269318,0,0,0,0.532219529151917,0,0.91281670331955,0.356990784406662,3.41958606243134,0,0,232.989881873131,19.357173115015,0,2.96439409255981,4045.31689301133,0,22.6673179864883,2.4196412563324,1362.64824041724,0,5416.7216117382,493.304034054279,442.327967941761,2159.82518325746,56.470530807972,0,503.298034876585,82.1945285797119,514.310785531998,93.6635116040707,35.0466400980949,4383.85376557708,206.087311536074,0,0,0,3022.88751542568,74.2219877839088,6715.61063379049,12.0217535495758,46634.45945701,469.85962381959,41.3978241682053,2360.74014750123,29817.2901284695,0,37.7059645354748,10.2593624591827,34.3149241805077,0,6.31587973237038,3.29877954721451
0,0,0,797.873957037926,0,0,2.34199738502502,0,2.6886488199234,0,0,21.9644842147827,0,0,0,3.63571330904961,0,0,0,0,4.10150054097176,0,0,14.3604818582535,15.5388837009668,0,0,8.47261190414429,0,0,0,0.603457689285278,0,0,30.8019301593304,0.324057310819626,0,0,0,0.781520962715149,0,0,67.8462758660316,4.57753801345825,1.22753664851189,1.97899490594864,351.836753860116,0.629988670349121,0.343834728002548,2.69461357593536,0.353110939264297,0,7084.9693031311,143.73030897975,23641.6030932516,25226.7114985883,19240.4253304601,503.298034876585,0,13.6179981529713,16539.7961577475,2.64666157960892,6071.3897498548,2294.7863484323,1.22498500347137,0,0.73796135187149,0,23509.1764389873,2.83668932318687,0.39998796582222,0.298581123352051,115.723904639482,0,1.75375732779503,0,1843.50782212615,24.8101805448532,8.87165604531765,0.275709062814713,6.15524256229401,0,9.99142834544182,226.800272881985
0.516848564147949,188.147726923227,4.9459924697876,3.59676861763,4.38265028595924,0.804537534713745,2.44950443506241,4.60614252090454,21.220939129591,0.782441705465317,3599.35631886125,1.21560326218605,11276.9718873948,8.11053827404976,6.48260986804962,63.5831160545349,1.71935519576073,7.68272691965103,0.554311752319336,0,82.4048249721527,30.1344934403896,13.1406177580357,101.916604042053,2146.64628982544,1343.34857238829,1132.52354155481,105.495274245739,3.41858276724815,7.43718931078911,1413.93150506914,6.18222057819366,0,56.0129944384098,539.131406843662,54.3443378210068,545.397225856781,47.3064343333244,23.1932708621025,100.395387232304,1.90597534179688,88.7462992370129,10625.4289450645,15449.4382374138,3519.32172097266,9216.45125195384,2536.03832243383,2592.69696708024,13309.4276112169,91.0277334153652,425.096670687199,91.6409639269114,0,277.983771562576,227.137017697096,95.9598661065102,151.332284033298,82.1945285797119,13.6179981529713,0,8.81585657596588,17609.8537887633,2853.2169238776,59.1253899335861,435.586751624942,871.942859530449,5508.88026240468,1435.77343039215,1.79297041893005,3121.94058738649,214.529711604118,2496.55991007388,444.126981973648,1487.55352023244,7170.13560077548,2177.50820669532,760.414100632071,3131.15421304107,569.336590617895,5156.25607849658,5600.5829757154,121.21794052422,22839.9723370224,1079.59069927037
0,0,0,0,0,3.91408103704453,0,0,0,177.41314047575,0.940642774105072,63.9510504007339,0,0,0,1.32127806544304,0.666496098041534,0,0,176.629700183868,4.65447306632996,0,0.309992045164108,16.7974102497101,2.44361053407192,2.3213946223259,0.381144493818283,2.16172561049461,0.566250264644623,0.334885507822037,0,0,0,0,3151.61827853322,8.45013439655304,3.30686724185944,0.697215497493744,1.40780282020569,0,0,0,35.2710610628128,7.04301595687866,1.79822713136673,16.6963804960251,243.56023041904,9.57522618770599,0,0,10.1756641864777,0,913.96893876791,80.0271672904491,2448.10081371665,61.1761855781078,25.5434536635876,514.310785531998,16539.7961577475,8.81585657596588,0,1.28474420309067,26.8680969178677,2410.72127521038,5.32024651765823,1.28011667728424,0.814810395240784,0,33250.3985596895,16.6778938770294,28.6405529975891,3.86975160241127,134.282866746187,3.41073405742645,1.98374345898628,18.8915164768696,173.510332852602,8.2857628762722,1.88562476634979,0,45.3912445008755,0.852175652980804,6.51288497447968,9304.03801426291
0,409.2511100173,0,0,1.09640789031982,0,0,0,12.2238309383392,0.315670669078827,5034.52399897575,3.00661027431488,14068.8933919966,2.11225646734238,1.05577620863914,17.7318902015686,0,14.4000868797302,1.26757645606995,0,21.9258157610893,47.0391238927841,1.88749846816063,62.9060771465302,4141.17684453726,4103.61700031161,5361.53502176702,45.7840612828732,1.07090479135513,1.24751080572605,2892.51059129834,2.5897910296917,0.529319226741791,58.3869916796684,46.3467722535133,36.8964617997408,419.338692486286,67.8724418878555,12.0179389417171,35.8619271814823,0.438299238681793,140.283274590969,727.007434040308,2277.79088845849,738.189877420664,867.604679405689,423.477158159018,497.790378510952,5816.47701984644,11.259206533432,543.780238300562,7.01520201563835,0,34.5846330523491,23.354692697525,8.82868118584156,22.8986703455448,93.6635116040707,2.64666157960892,17609.8537887633,1.28474420309067,0,201.670590132475,19.5953565239906,164.953402489424,26.8704037517309,139.791401162744,69.8898021876812,0.55121773481369,224.475279167295,184.176207870245,67.727676436305,157.856338188052,6461.4478969276,260.862170681357,1595.93814891577,133.134081810713,177.145395055413,49.0375475287437,1962.09215460718,429.722101524472,9.01787108182907,838.262948334217,117.748177140951
0,0,0,0,0.499384194612503,0,0,0,4.74502888321877,0,17.2894034087658,0.337079524993896,84.2706409096718,0.67863667011261,1.66079485416412,13.0620820522308,0,0,0,0,9.88342115283012,2.39098551869392,1.12820255756378,18.0485782474279,286.332281932235,3.90289840102196,4.66544103622437,14.3655376434326,0,0,5.74851846694946,1.62237173318863,0,1.24171677231789,50.705430328846,10.6680029034615,3.41234517097473,3.7540608048439,1.81531846523285,6.38035777211189,1.19978007674217,2.63101801276207,5034.72034518421,774.048563450575,154.787574097514,501.841961950064,2796.67784534395,324.325024932623,225.385779559612,11341.3304947913,0.460469394922256,1.5789093375206,3.18070578575134,333.699477404356,4355.8377686888,40998.9777215421,17235.1651235223,35.0466400980949,6071.3897498548,2853.2169238776,26.8680969178677,201.670590132475,0,112.024827837944,57.1966300308704,6.99452766776085,334.378991708159,46.3573665618896,2.55110168457031,1051.01677982509,0.858790546655655,165.536568701267,97.8397113382816,12.5694687068462,791.939291760325,114.33290207386,1349.64823368192,10869.3725931942,815.07217079401,348.670896574855,9262.66560178995,269.835094735026,3135.11440017819,361.059320271015
0,1.43875861167908,0,0,0,0,5.81877493858337,0.43556147813797,18.6457272768021,0,0.584739744663239,0,2.23416540026665,0,0,19.8988133072853,0,0,0,0,10.8861292600632,1.86095863580704,4.73006594181061,101.010051846504,28.691487044096,0.751739323139191,0,37.5104054808617,0,0,0,1.99127447605133,0,0,157.787482500076,2.08562326431274,0,1.49941849708557,0.612075328826904,2.18008655309677,0,2.00860285758972,196.05435320735,139.245461583138,19.64501324296,144.234975546598,5355.43357107043,41.4422633647919,8.47227135300636,9.29250317811966,41.6738533675671,4.72811874747276,250.301321238279,10449.0734527111,6917.40891259909,50.3930343389511,395.842725604773,4383.85376557708,2294.7863484323,59.1253899335861,2410.72127521038,19.5953565239906,112.024827837944,0,121.963965982199,26.0468744635582,18.7325634509325,17.1707169115543,789.818978816271,1019.35250264406,177.932189702988,140.05522108078,632.338351726532,10.3071958422661,73.9434557557106,227.827296108007,811.41490149498,80.3675166964531,81.889832764864,6.74027827382088,440.871705085039,5.5883375108242,31.169468909502,1577.83753743768
0,25.2065096199512,18.0620458424091,3.00715607404709,6.70060703158379,0.903909206390381,9.87073740363121,2.24002316594124,605.81810644269,15.1811478734016,12.4487274289131,13.4878984689713,145.861353889108,1.49747520685196,27.1323844492435,22511.1404215395,1.6311482489109,0,0,0,5797.67892736197,2317.35612607002,8678.93586927652,1630.1977994591,913.75631698966,4.1022099852562,5789.92967376113,1606.21534734964,2.42861053347588,43.7215127646923,3.14481806755066,10.8009048998356,0,17.3946568071842,120.066167682409,467.676380261779,71.3403630852699,142.608690083027,50.7929118573666,335.780179738998,13.6252584308386,4.56605777144432,9085.39883086085,1623.16666120291,374.760929524899,910.048346579075,559.767763018608,145.22459179163,50.8766538798809,3.50755505263805,1680.51819905639,70.3608490228653,0,10.2515577077866,8.63101482391357,2.34210366010666,5.87163338065147,206.087311536074,1.22498500347137,435.586751624942,5.32024651765823,164.953402489424,57.1966300308704,121.963965982199,0,381.453634262085,77.2076160013676,138.475720569491,0,22208.1964422315,24751.8700658381,3389.32141314447,4882.83831453323,396.396454334259,170.557574242353,16929.8487730324,2871.73491735756,21.6509952545166,6.43145456910133,22.6034600734711,47.6580054163933,0.605453550815582,164.232792615891,785.851911246777
0,15.454511910677,1.51168435811996,0,0.943202555179596,0,0,0,0,1.70653474330902,0,0,3.26381897926331,0,5.42407381534576,15.1355194449425,0.658652544021606,1.66274797916412,0.728080928325653,0,8.31302666664124,3.21536201238632,3.11496841907501,0,0,4.17622146010399,199.755106896162,1.29090118408203,0,0,0,0,0,0,230.373172432184,10.019772619009,6.53069400787354,0,8.88621348142624,0,0,0,1262.20996040106,97.1375661790371,3020.06466343999,3947.92117804289,366.235212594271,232.118310302496,18.701738268137,5.13194368779659,50.2793463766575,17593.0628750175,0,1.63366913795471,0.345763266086578,6.26135025918484,0,0,0,871.942859530449,1.28011667728424,26.8704037517309,6.99452766776085,26.0468744635582,381.453634262085,0,1214.91154426336,8789.79017809033,0,995.18761742115,3.98073726892471,25024.948841095,5.00874748826027,0,3276.18969269097,14220.4241596162,11.0753611028194,40.0214193761349,354.850571379066,12.1925109922886,8.0559838116169,0,5120.83845645189,318.654479593039
0,0,0.71968686580658,0,5.37009871006012,2.11546087265015,0,1.29789710044861,0.849669545888901,0,8.73480677604675,0,10.5551864206791,0,2.47896113991737,2.30975025892258,0,0,0,0,6.53868672251701,0.797434896230698,3.05087447166443,1.45397001504898,9.54119342565536,0.481578707695007,3.46520322561264,2.62734553217888,0,0,1.26869881153107,0,0,0,278.676255047321,12.7761468887329,14.9495964348316,1.80367517471313,13.4667626023293,3.83052785694599,2.0567053258419,0.444645196199417,3426.71980969608,1638.17226842046,2352.189197734,4704.08570769429,188.643291816115,701.35359570384,385.742170542479,13.7660225480795,0,118.27052526176,0.959909498691559,23.9383887946606,25.833553403616,19.6239226609468,14.9277133196592,0,0.73796135187149,5508.88026240468,0.814810395240784,139.791401162744,334.378991708159,18.7325634509325,77.2076160013676,1214.91154426336,0,6798.06744268537,0,1598.14308127761,0.305441528558731,2619.84260298312,28.2467297017574,4.52470925450325,6170.53716313839,1168.55846954882,126.978123247623,400.582946673036,157.27032841742,71.9229613095522,421.851668551564,24.5111524015665,4468.99775522947,322.75991538167
0,9.58451536297798,1.24901306629181,0,1.39756077528,0,0,0,0,0,2.9830647110939,0,6.15920746326447,0,6.43879544734955,3.0351188480854,0,2.21094244718552,0.42858624458313,0,16.8560764193535,3.80639904737473,5.75224378705025,1.50244358181953,1.48765549063683,3.60265126824379,155.950255036354,1.25847479701042,1.63425016403198,0,0,0,0,3.68861317634583,343.986889451742,11.3530345857143,7.07093650102615,1.16035521030426,21.1519297659397,1.73905336856842,0,2.00243839621544,2457.1693251133,240.09614238143,3224.96369630098,5865.36386539042,247.646832033992,574.662082403898,89.6584509313107,3.14750634133816,39.8073193430901,724.420220017433,0,7.19935536384583,10.5492822080851,3.70196197926998,2.7771363556385,0,0,1435.77343039215,0,69.8898021876812,46.3573665618896,17.1707169115543,138.475720569491,8789.79017809033,6798.06744268537,0,0,1071.98368857801,3.88888037204742,4413.54524454474,12.3711224496365,4.03993168473244,25558.6720585376,8233.85674414039,23.4065670967102,43.7796962857246,101.646036669612,18.8035822510719,62.6222606152296,1.15783965587616,4187.7687125802,408.605541020632
0,0,0,856.480344176292,0,0,14.7157859802246,0,11.3041720986366,2.14199566841125,0,9.17341756820679,0,0,0,7.57177856564522,0,0,0,0,5.75463196635246,2.0854868888855,1.55158281326294,128.552232801914,4.65856498479843,0,0,23.6915068626404,0,0,0,0,0,0,0,0,0,0,0,4.73362767696381,0,0,14.7578303813934,0,0,0,895.917829036713,1.13842523097992,0,0,19.637668967247,0,6227.3268956542,152.690037220716,36.171154499054,13.1916629970074,7.51085630059242,3022.88751542568,23509.1764389873,1.79297041893005,33250.3985596895,0.55121773481369,2.55110168457031,789.818978816271,0,0,0,0,0,0,77.8598102629185,0,552.440693229437,4.78276887536049,0,59.674448043108,730.778735727072,0,0,0,7.48579049110413,0,0,0
0,0,3.34165674448013,3.72904333472252,1.28162243962288,0.624027907848358,4.25398796796799,0.714379251003265,273.812741518021,6.31441114842892,8.24787324666977,7.97303003072739,64.6977407336235,0,21.7770439088345,5716.47904446721,0.780405044555664,1.0062563419342,3.00934386253357,0,3383.68534377217,920.537932932377,1421.74005967379,904.22591778636,470.236394032836,0.84608781337738,17.752383440733,879.840873122215,1.02200201153755,24.496315523982,0,5.56332358717918,0,5.79876551032066,1098.8876312077,311.451199054718,37.9542024433613,51.8000776171684,46.7345181405544,187.357875525951,8.34177039563656,2.57352283596992,36955.1851442754,3849.63942931592,10022.2090261728,15466.2363325506,7264.41972593963,2523.5342823118,197.456477940083,167.93362121284,282.681636869907,147.784764200449,0,166.205585241318,156.280538588762,1164.08235546947,93.2977616786957,74.2219877839088,2.83668932318687,3121.94058738649,16.6778938770294,224.475279167295,1051.01677982509,1019.35250264406,22208.1964422315,995.18761742115,1598.14308127761,1071.98368857801,0,0,2914.08374834061,61963.2568084747,9230.75163759291,68.8455176204443,1667.07737123966,1692.42587327957,61189.7850263864,1520.85788539052,35084.2169617265,276.728724732995,994.975295066833,5.53679317235947,11317.6907646358,7097.26903086901
0,11.4213293194771,0.584177374839783,0,0,0,0,0,20.3465357422829,0,12.8076205551624,0.411187440156937,43.5953789204359,0,0,1893.4012298286,0.349072337150574,0,0,0,355.702133357525,170.670670509338,650.295320272446,70.5763890445232,58.1180423349142,19.3253728151321,677.926635950804,40.781256377697,0,1.93138453364372,8.81198513507843,1.06795471906662,0,2.34431260824203,2.80877214670181,37.1944340467453,4.36869198083878,14.1926857531071,6.6995764374733,6.00309425592422,1.06117723882198,0,126.807988375425,41.6036175787449,8.26750811934471,12.1840785741806,632.019936919212,3.26354002952576,30.3220347166061,0,1205.83222395182,3.03864169120789,21.8940515816212,6.64890646934509,2.2277529835701,8.71489611268044,0.498458415269852,6715.61063379049,0.39998796582222,214.529711604118,28.6405529975891,184.176207870245,0.858790546655655,177.932189702988,24751.8700658381,3.98073726892471,0.305441528558731,3.88888037204742,77.8598102629185,2914.08374834061,0,1710.39630371332,10772.6929542869,718.89692518115,47.673688352108,11390.3984000385,3715.1454936564,0.298123002052307,5.78333507478237,15.1817469000816,1.25567829608917,0,10.7035061717033,6.54434984922409
0,21.9430842995644,8.71941265463829,0,0,0,0,0,7.60578384995461,0,3.31452193856239,0,23.0556030869484,0.825018882751465,9.31356501579285,11276.4355209768,2.92499822378159,2.21575364470482,0,0,1241.29698824883,707.77644303441,5341.69611015916,35.0587420463562,10.0008078217506,7.10328969359398,2904.3991214335,55.6689197123051,2.00042992830276,2.68563830852509,0,1.58624443411827,0.665032744407654,6.04446232318878,941.353716433048,242.390039592981,45.0286585688591,96.4989979565144,50.7755533754826,18.9438986331224,2.46337583661079,4.92774945497513,29010.3584488928,2967.45496816933,9509.77664949,18184.0690565109,3248.66092082858,1692.96316918731,88.2785510867834,125.68049839139,140.26449161768,31704.289375782,0,20.4756020605564,16.3416055142879,121.907734066248,9.90510526299477,12.0217535495758,0.298581123352051,2496.55991007388,3.86975160241127,67.727676436305,165.536568701267,140.05522108078,3389.32141314447,25024.948841095,2619.84260298312,4413.54524454474,0,61963.2568084747,1710.39630371332,0,41.2157773673534,36.3174120783806,3185.56012521684,11518.8710151315,234.960086062551,957.811481267214,14488.958282873,122.04558481276,162.493150860071,2.71926432847977,8924.87840160728,2260.80156672001
0,2.36829727888107,0.483314096927643,17.8309320211411,3.45202296972275,0.470797896385193,43.70405164361,0.690437495708466,175.038047224283,1.70660743117332,11.6084767282009,6.83078241348267,222.879391431808,1.4344240128994,13.7903400957584,607.430090129375,0,0,0,0,491.293075799942,149.768375873566,55.1089153885841,1517.53495156765,2141.09133327007,0.553958490490913,11.2298344969749,509.495495632291,0.901924848556519,9.98850168287754,0.47812694311142,6.0938429236412,0,9.57953155040741,31.321392595768,31.1689268648624,3.9244233071804,10.4085506498814,1.44532626867294,67.0749874413013,9.73278945684433,7.10242566466331,3252.01637428999,90.0777648985386,103.205934435129,233.975711137056,1113.31589439511,87.42236790061,41.2405079007149,1.7064405977726,1120.30124643445,0,2153.70949083567,39.9679065346718,21.6052336990833,739.552300840616,43.8752893805504,46634.45945701,115.723904639482,444.126981973648,134.282866746187,157.856338188052,97.8397113382816,632.338351726532,4882.83831453323,5.00874748826027,28.2467297017574,12.3711224496365,552.440693229437,9230.75163759291,10772.6929542869,41.2157773673534,0,291.138268202543,72.4729033410549,1543.70650467277,27511.7184886634,42.1488437056541,54.1041976064444,30.8760272264481,88.4509250223637,1.5399152636528,251.408904492855,526.261618942022
0,291.764386326075,0,0,0,0,0,0,1.97568288445473,0,198.428912371397,0,958.980891078711,0.55478709936142,0,3.29808443784714,0,0,0,0,2.4923814535141,7.10130879282951,0,0,977.355680912733,228.665437072515,808.25311461091,0,1.88824021816254,0,147.864483237267,1.63004326820374,0,3.89392471313477,3.2585209608078,2.24691337347031,31.8462532162666,2.96683841943741,1.05920648574829,2.36555361747742,0,11.9577598571777,62.6733809113503,103.220622092485,15.384371817112,37.3176890611649,75.2775637507439,18.8051177859306,390.214791476727,0,3810.34605205059,0,3.59528970718384,2.1303659081459,0,1.07894816994667,0,469.85962381959,0,1487.55352023244,3.41073405742645,6461.4478969276,12.5694687068462,10.3071958422661,396.396454334259,0,4.52470925450325,4.03993168473244,4.78276887536049,68.8455176204443,718.89692518115,36.3174120783806,291.138268202543,0,47.1580789983273,3059.01376098394,140.516136258841,9.00943940877914,0,167.912927091122,30.5608260631561,0,63.8490442931652,6.89897257089615
0,256.256696224213,5.54308280348778,0,11.4447873532772,0,0,0,2.88738620281219,0,617.332957103848,0,661.532435700297,0.391182005405426,11.0222053527832,9.56256571412086,4.99274805188179,16.13976085186,0.80552676320076,0,14.5110053122044,16.7813690304756,14.5000512003899,3.06334933638573,167.393186807632,1771.38723066449,5515.35981722176,1.54441574215889,0,2.10091030597687,362.034296065569,0,0,13.9706661701202,718.312947332859,53.6289131045341,100.136423915625,10.4628854691982,23.5945510864258,3.63862964510918,1.16253781318665,3.26942473649979,12114.8944002688,7413.99045281112,2287.24099034071,9217.0551854074,602.24345934391,792.270636439323,527.301883965731,26.8222582191229,349.447590976954,34347.1333959699,0,48.2439421117306,57.1186364293098,26.7111298888922,43.595544308424,41.3978241682053,1.75375732779503,7170.13560077548,1.98374345898628,260.862170681357,791.939291760325,73.9434557557106,170.557574242353,3276.18969269097,6170.53716313839,25558.6720585376,0,1667.07737123966,47.673688352108,3185.56012521684,72.4729033410549,47.1580789983273,0,60990.3563793451,229.34927867353,867.06308118999,213.011684373021,652.206698611379,1249.95904198289,41.8647044450045,2445.70305518806,1004.238315925
0,7343.53329347074,222.887317240238,0,10.356167703867,0,0.448423385620117,2.45371246337891,78.2350350916386,0,3487.59674824774,0.462897062301636,4565.84144662321,0,18.0857616662979,4137.63673770428,140.744212031364,123.444296360016,21.6382541954517,0,64.1362174749374,2740.8476754427,2776.38179275393,78.9396940171719,2379.22574023902,11714.1781268269,118925.854183435,21.0213834941387,0.306906193494797,1.87908330559731,1943.96450810134,0.973975241184235,0,74.9143845885992,1122.71935930848,317.653106868267,765.277201414108,143.811506688595,245.873237520456,5.62573033571243,4.9642385840416,45.0826143324375,23933.5662877709,4937.85223191977,2222.92954622209,10614.3472809196,1806.65892526507,865.68959453702,301.382279008627,8.1072101444006,37425.3737596869,18664.9292173982,10.4542068839073,17.0991605222225,9.85478344559669,9.93204618990421,11.3445033729076,2360.74014750123,0,2177.50820669532,18.8915164768696,1595.93814891577,114.33290207386,227.827296108007,16929.8487730324,14220.4241596162,1168.55846954882,8233.85674414039,59.674448043108,1692.42587327957,11390.3984000385,11518.8710151315,1543.70650467277,3059.01376098394,60990.3563793451,0,1010.7481469959,119.188755497336,82.7171283811331,829.242866486311,222.173873990774,4.53441199660301,1089.7034625113,2058.66705498099
0,1.65621557831764,0,153.61033654213,0,0.22314190864563,24.4747101664543,3.11572130024433,101.432732462883,9.49864062666893,4.87496447563171,10.8182115852833,151.990050256252,0.276824295520782,9.95117044448853,340.426668971777,0,0,0,0,280.693207025528,71.4372375309467,43.2585626989603,881.519721865654,1447.63059300184,0,1.23804903030396,338.897727221251,0,2.95259675383568,0,3.04889014363289,0.315916448831558,4.32893577218056,158.687669187784,37.3288444876671,0.869458258152008,8.39920821785927,5.09173908829689,53.2134045958519,8.02950456738472,4.75455862283707,7797.77001711726,230.576244235039,377.833824858069,1002.09146976471,2123.19563692808,428.326682090759,62.7490398287773,13.2828176617622,543.661123692989,1.37335178256035,17310.2673884928,92.1260486245155,144.089679509401,39405.4009203315,401.403809741139,29817.2901284695,1843.50782212615,760.414100632071,173.510332852602,133.134081810713,1349.64823368192,811.41490149498,2871.73491735756,11.0753611028194,126.978123247623,23.4065670967102,730.778735727072,61189.7850263864,3715.1454936564,234.960086062551,27511.7184886634,140.516136258841,229.34927867353,1010.7481469959,0,236.432118952274,22941.3387581259,55.3715609610081,450.586231529713,7.30938100814819,2587.88377134502,2031.85645836592
0,1.72345566749573,1.53454256057739,0,0,0,0,0,0.48788595199585,0,25.3180033266544,0,67.2745360732079,0.220817908644676,0,4.18918097019196,1.88560283184052,0,0,0,3.98040124773979,0,0,4.11396315693855,76.5682857781649,3.01303488016129,2.90763276815414,2.36617377400398,0,0,4.66814574599266,0,0,1.67559707164764,31.1445064544678,8.77827456593513,4.21138942241669,0,2.20299792289734,2.1378408074379,0,1.13255220651627,2029.71474997699,460.162431418896,177.238838627934,374.413901299238,978.802132755518,308.489906728268,152.41657358408,12250.8706476837,0.712331905961037,0.578380405902863,0,151.642470836639,942.992294222116,1677.93810890615,507.491874873638,0,24.8101805448532,3131.15421304107,8.2857628762722,177.145395055413,10869.3725931942,80.3675166964531,21.6509952545166,40.0214193761349,400.582946673036,43.7796962857246,0,1520.85788539052,0.298123002052307,957.811481267214,42.1488437056541,9.00943940877914,867.06308118999,119.188755497336,236.432118952274,0,3639.36335918307,412.67721119523,4988.2330108583,12613.3489595205,11024.4872899801,255.294749945402
0,0,0,0,3.42405331134796,0,0,0,0,0,2.0132212638855,0,3.03527700901031,0,0,0.717384815216064,0,0,2.20981884002686,0,0,0,0,0,5.29167756438255,0,0,0,0,0,0.879126489162445,0,0,0,42.9945161342621,0.735119730234146,0,0,0,0,0,0,402.816041499376,128.52056607604,255.590390279889,382.819837808609,586.61949595809,144.5183057338,26.3810969889164,1112.97782248259,1.10951748490334,9.4781029522419,0.80013445019722,95.0834609270096,115.202819481492,12941.986967355,106.36384510994,37.7059645354748,8.87165604531765,569.336590617895,1.88562476634979,49.0375475287437,815.07217079401,81.889832764864,6.43145456910133,354.850571379066,157.27032841742,101.646036669612,0,35084.2169617265,5.78333507478237,14488.958282873,54.1041976064444,0,213.011684373021,82.7171283811331,22941.3387581259,3639.36335918307,0,52.2596418708563,454.568418368697,457.082922592759,2362.44406618178,267.394464075565
0,92.5024135112762,0,0,0,0,0,0,0.465095728635788,0,1613.61630174518,0,3151.76821142435,0.870564103126526,2.82631030678749,0.642381727695465,0,8.19774135947227,1.74801078438759,0,1.58215799927711,3.66913589835167,0.340118914842606,1.55697697401047,451.380169272423,1821.83945825696,2289.4788634181,0.373482018709183,0.443575024604797,0,974.90953785181,0,0,12.8269025683403,51.4759734272957,10.6045088469982,128.063750684261,19.4739240705967,4.19024702906609,1.91285321116447,0.423042178153992,35.6074003279209,1036.0105831176,1361.517388165,434.475025266409,1335.03130578995,53.9150632172823,166.186122953892,532.872373729944,11.3338209092617,60.4237875938416,3.33017756044865,0,17.3476298749447,21.5058012753725,13.8910810649395,13.2160876691341,10.2593624591827,0.275709062814713,5156.25607849658,0,1962.09215460718,348.670896574855,6.74027827382088,22.6034600734711,12.1925109922886,71.9229613095522,18.8035822510719,0,276.728724732995,15.1817469000816,122.04558481276,30.8760272264481,167.912927091122,652.206698611379,829.242866486311,55.3715609610081,412.67721119523,52.2596418708563,0,765.438561856747,10.975196570158,928.713488191366,81.7534507811069
0,0,0,0,4.29347062110901,0,0,1.50989639759064,1.51558992266655,0,41.8167554736137,0,142.59111186862,0,2.44814366102219,5.17620542645454,0,0,0,0,6.95163398981094,1.73162698745728,2.48949810862541,6.18567490577698,91.0470458567142,4.38539585471153,5.53816139698029,3.65772506594658,0,0,6.54367998242378,0.310267359018326,0,1.23058211803436,63.5580399930477,15.708175599575,9.91115733981133,1.89530336856842,0,0.807677567005157,0,2.42873346805573,4370.52073320746,1196.6598354578,245.55919662118,786.258961617947,1953.28137883544,9912.24070695043,482.894195228815,42.8939587771893,6.37509474158287,1.93168562650681,0,677.759681284428,863.624506652355,33.4515250474215,7797.43370071054,34.3149241805077,6.15524256229401,5600.5829757154,45.3912445008755,429.722101524472,9262.66560178995,440.871705085039,47.6580054163933,8.0559838116169,421.851668551564,62.6222606152296,7.48579049110413,994.975295066833,1.25567829608917,162.493150860071,88.4509250223637,30.5608260631561,1249.95904198289,222.173873990774,450.586231529713,4988.2330108583,454.568418368697,765.438561856747,0,88.7726169526577,3160.25930252671,490.546611636877
0,0,0,0,0,0,0,0,0,0,0.5541011095047,0,1.0393593609333,0,0,0,0,0,0,0,0,0,0,0,1.52350437641144,0,0,0,0,0,0,0,0,0,1.39924296736717,0,0,0,0,0,0,0,67.1219556629658,29.0980980098248,13.1192511916161,23.9941218197346,84.2329039871693,24.4287704527378,7.72261774539948,241.842574864626,0,0,0,8.30808129906654,25.0083759725094,49.6651021242142,15.9032308459282,0,0,121.21794052422,0.852175652980804,9.01787108182907,269.835094735026,5.5883375108242,0.605453550815582,0,24.5111524015665,1.15783965587616,0,5.53679317235947,0,2.71926432847977,1.5399152636528,0,41.8647044450045,4.53441199660301,7.30938100814819,12613.3489595205,457.082922592759,10.975196570158,88.7726169526577,0,2036.55728273094,12.8723791837692
0.86077943444252,7.38629639148712,0.428236782550812,0,0,0,0,0.344533085823059,4.64497542381287,0,109.255706518888,0,388.046227902174,0,1.04243096709251,14.3066208958626,0,0,0,0,10.2785102128983,1.88159692287445,4.13120767474174,14.2414554655552,188.947229430079,32.9206922352314,29.523405790329,18.0552344322205,0,1.62171286344528,31.5455146431923,1.91364485025406,0,3.48150110244751,74.8844867646694,7.57873889803886,24.8183165788651,2.75494781136513,3.39562696218491,4.11180937290192,0,3.01985937356949,1997.17801885307,2243.88411691785,1370.66533753276,1220.54117912054,391.794991105795,597.254715934396,1350.15509161353,469.235631063581,27.1788466870785,115.43966524303,0,146.942191213369,321.958752602339,511.11490817368,224.218974143267,6.31587973237038,9.99142834544182,22839.9723370224,6.51288497447968,838.262948334217,3135.11440017819,31.169468909502,164.232792615891,5120.83845645189,4468.99775522947,4187.7687125802,0,11317.6907646358,10.7035061717033,8924.87840160728,251.408904492855,63.8490442931652,2445.70305518806,1089.7034625113,2587.88377134502,11024.4872899801,2362.44406618178,928.713488191366,3160.25930252671,2036.55728273094,0,383.26930975914
1.24671798944473,4.52108234167099,649.312401503325,0,115.138312399387,110.064947187901,0.748573482036591,27.7112417221069,0,52.5935917496681,267.972308158875,744.054732620716,149.434442549944,36.9964697360992,187.946947902441,509.841213971376,216.450331419706,495.585718423128,136.615137249231,0,3673.90456882119,2.67041450738907,1674.7722171247,15.3841730952263,6.03043210506439,1024.00556482375,1396.3787727356,769.21242031455,81.874349206686,330.594312906265,6.72678130865097,80.7678212225437,11.7707740366459,190.900110304356,438860.591094553,1877.98559689522,1195.51641082764,445.748458921909,2357.84054264426,86.429644882679,85.8929585516453,70.4369979500771,9183.67073470354,1297.12306538224,147.108793199062,2785.97216811776,333.23363801837,652.722553879023,163.301668673754,30.2419818639755,9.86008432507515,136.734993696213,0,148.194095522165,2309.95874163508,75.2635857313871,72.2264064252377,3.29877954721451,226.800272881985,1079.59069927037,9304.03801426291,117.748177140951,361.059320271015,1577.83753743768,785.851911246777,318.654479593039,322.75991538167,408.605541020632,0,7097.26903086901,6.54434984922409,2260.80156672001,526.261618942022,6.89897257089615,1004.238315925,2058.66705498099,2031.85645836592,255.294749945402,267.394464075565,81.7534507811069,490.546611636877,12.8723791837692,383.26930975914,0
