"split","status","n_pcs"
1,"success",6
2,"success",6
3,"success",6
4,"success",6
5,"success",6
6,"success",6
7,"success",6
8,"success",6
9,"success",6
10,"success",6
11,"success",6
12,"success",6
13,"success",6
14,"success",6
15,"success",6
16,"success",6
17,"success",6
18,"success",6
19,"success",6
20,"success",6
21,"success",6
22,"success",6
23,"success",6
24,"success",6
25,"success",6
26,"success",6
27,"success",6
28,"success",6
29,"success",6
30,"success",6
31,"success",6
32,"success",6
33,"success",6
34,"success",6
35,"success",6
36,"success",6
37,"success",6
38,"success",6
39,"success",6
40,"success",6
41,"success",6
42,"success",6
43,"success",6
44,"success",6
45,"success",6
46,"success",6
47,"success",6
48,"success",6
49,"success",6
50,"success",6
51,"success",6
52,"success",6
53,"success",6
54,"success",6
55,"success",6
56,"success",6
57,"success",6
58,"success",6
59,"success",6
60,"success",6
61,"success",6
62,"success",6
63,"success",6
64,"success",6
65,"success",6
66,"success",6
67,"success",6
68,"success",6
69,"success",6
70,"success",6
71,"success",6
72,"success",6
73,"success",6
74,"success",6
75,"success",6
76,"success",6
77,"success",6
78,"success",6
79,"success",6
80,"success",6
81,"success",6
82,"success",6
83,"success",6
84,"success",6
85,"success",6
86,"success",6
87,"success",6
88,"success",6
89,"success",6
90,"success",6
91,"success",6
92,"success",6
93,"success",6
94,"success",6
95,"success",6
96,"success",6
97,"success",6
98,"success",6
99,"success",6
100,"success",6
101,"success",6
102,"success",6
103,"success",6
104,"success",6
105,"success",6
106,"success",6
107,"success",6
108,"success",6
109,"success",6
110,"success",6
111,"success",5
112,"success",6
113,"success",6
114,"success",6
115,"success",6
116,"success",6
117,"success",6
118,"success",6
119,"success",6
120,"success",6
121,"success",6
122,"success",6
123,"success",6
124,"success",6
125,"success",6
126,"success",6
127,"success",6
128,"success",6
129,"success",6
130,"success",6
131,"success",6
132,"success",6
133,"success",6
134,"success",6
135,"success",6
136,"success",6
137,"success",5
138,"success",6
139,"success",6
140,"success",6
141,"success",6
142,"success",6
143,"success",6
144,"success",6
145,"success",5
146,"success",6
147,"success",6
148,"success",6
149,"success",6
150,"success",6
151,"success",6
152,"success",6
153,"success",6
154,"success",6
155,"success",6
156,"success",6
157,"success",6
158,"success",6
159,"success",6
160,"success",6
161,"success",6
162,"success",6
163,"success",6
164,"success",6
165,"success",6
166,"success",6
167,"success",6
168,"success",6
169,"success",6
170,"success",6
171,"success",6
172,"success",6
173,"success",6
174,"success",6
175,"success",6
176,"success",6
177,"success",6
178,"success",6
179,"success",6
180,"success",6
181,"success",6
182,"success",6
183,"success",6
184,"success",6
185,"success",6
186,"success",6
187,"success",6
188,"success",6
189,"success",6
190,"success",6
191,"success",6
192,"success",6
193,"success",6
194,"success",6
195,"success",6
196,"success",6
197,"success",6
198,"success",6
199,"success",6
200,"success",6
