"Metric","Term","k'","edf","k-index","p-value"
"Strength","Intercept","19","16.51","1.04","1"
"Strength","Group (VPT vs FT)","20","4.21","1.04","1"
"Strength","Age at MRI","20","1.03","1.04","1"
"Strength","Total intracranial volume","20","6.17","1.04","1"
"Strength","Sex","20","1.00","1.04","1"
"Strength","Relative motion","20","1.04","1.04","1"
"Normalized GE","Intercept","19","18.02","1.02","0.86"
"Normalized GE","Group (VPT vs FT)","20","9.75","1.02","0.82"
"Normalized GE","Age at MRI","20","3.09","1.02","0.88"
"Normalized GE","Total intracranial volume","20","8.92","1.02","0.88"
"Normalized GE","Sex","20","1.04","1.02","0.90"
"Normalized GE","Relative motion","20","4.99","1.02","0.89"
"Normalized ACC","Intercept","19","18.92","1.02","0.95"
"Normalized ACC","Group (VPT vs FT)","20","9.01","1.02","0.97"
"Normalized ACC","Age at MRI","20","6.51","1.02","0.95"
"Normalized ACC","Total intracranial volume","20","11.63","1.02","0.96"
"Normalized ACC","Sex","20","8.96","1.02","0.96"
"Normalized ACC","Relative motion","20","3.77","1.02","0.96"
"Small-Worldness","Intercept","19","16.41","1.01","0.97"
"Small-Worldness","Group (VPT vs FT)","20","2.40","1.01","0.98"
"Small-Worldness","Age at MRI","20","7.29","1.01","0.95"
"Small-Worldness","Total intracranial volume","20","6.96","1.01","0.97"
"Small-Worldness","Sex","20","5.26","1.01","0.96"
"Small-Worldness","Relative motion","20","8.24","1.01","0.98"
"Raw GE","Intercept","19","0.01","1.03","0.94"
"Raw GE","Group (VPT vs FT)","20","1.01","1.03","0.95"
"Raw GE","Age at MRI","20","1.01","1.03","0.94"
"Raw GE","Total intracranial volume","20","1.01","1.03","0.97"
"Raw GE","Sex","20","1.01","1.03","0.98"
"Raw GE","Relative motion","20","1.01","1.03","0.97"
"Raw ACC","Intercept","19","18.87","1.04","1"
"Raw ACC","Group (VPT vs FT)","20","6.04","1.04","1"
"Raw ACC","Age at MRI","20","6.64","1.04","1"
"Raw ACC","Total intracranial volume","20","17.48","1.04","1"
"Raw ACC","Sex","20","8.71","1.04","1"
"Raw ACC","Relative motion","20","5.64","1.04","1"
