"Metric","Exposure","F","p","Significant","Direction","CI excludes 0 from (%)","to (%)","% density significant"
"Strength","BPD","2.67","<0.001","N",NA,NA,NA,"0.0"
"Strength","BWZ","2.56","0.003","N",NA,NA,NA,"0.0"
"Strength","GA","3.38","<0.001","Y","Positive","39.77","100.00","68.0"
"Strength","GBA","3.31","<0.001","Y","Negative","11.00","100.00","100.0"
"Strength","ROP","3.09","<0.001","N",NA,NA,NA,"0.0"
"Strength","Sepsis","2.49","<0.001","N",NA,NA,NA,"0.0"
"Strength","DWMA","2.41","0.004","N",NA,NA,NA,"0.0"
"Strength","IVH","2.56","<0.001","N",NA,NA,NA,"0.0"
"Strength","Hydrocephalus","2.37","0.003","N",NA,NA,NA,"0.0"
"Normalized GE","BPD","5.32","<0.001","N",NA,NA,NA,"0.0"
"Normalized GE","BWZ","5.36","<0.001","Y","Positive","11.00","37.97","31.0"
"Normalized GE","GA","5.83","<0.001","N",NA,NA,NA,"0.0"
"Normalized GE","GBA","7.96","<0.001","N",NA,NA,NA,"0.0"
"Normalized GE","ROP","5.55","<0.001","Y","Negative","29.88","50.56","24.0"
"Normalized GE","Sepsis","5.75","<0.001","N",NA,NA,NA,"0.0"
"Normalized GE","DWMA","6.39","<0.001","N",NA,NA,NA,"0.0"
"Normalized GE","IVH","7.36","<0.001","N",NA,NA,NA,"0.0"
"Normalized GE","Hydrocephalus","5.43","<0.001","N",NA,NA,NA,"0.0"
"Normalized ACC","BPD","49.77","<0.001","Y","Positive","11.00","100.00","87.0"
"Normalized ACC","BWZ","44.05","<0.001","N",NA,NA,NA,"0.0"
"Normalized ACC","GA","50.37","<0.001","Y","Negative","11.00","100.00","100.0"
"Normalized ACC","GBA","60.91","<0.001","Y","Positive","11.00","100.00","100.0"
"Normalized ACC","ROP","48.77","<0.001","Y","Positive","22.69","100.00","87.0"
"Normalized ACC","Sepsis","42.09","<0.001","Y","Positive","19.99","100.00","83.0"
"Normalized ACC","DWMA","41.92","<0.001","N",NA,NA,NA,"0.0"
"Normalized ACC","IVH","54.77","<0.001","Y","Positive","25.38","30.78","7.0"
"Normalized ACC","Hydrocephalus","56.01","<0.001","Y","Positive","11.00","100.00","41.0"
"Small-Worldness","BPD","12.34","<0.001","Y","Positive","11.00","49.66","44.0"
"Small-Worldness","BWZ","9.73","<0.001","N",NA,NA,NA,"0.0"
"Small-Worldness","GA","13.66","<0.001","Y","Negative","11.00","100.00","100.0"
"Small-Worldness","GBA","17.39","<0.001","Y","Positive","11.00","100.00","54.0"
"Small-Worldness","ROP","18.97","<0.001","Y","Positive","14.60","100.00","96.0"
"Small-Worldness","Sepsis","10.33","<0.001","Y","Positive","11.90","20.89","11.0"
"Small-Worldness","DWMA","11.93","<0.001","N",NA,NA,NA,"0.0"
"Small-Worldness","IVH","10.01","<0.001","Y","Positive","11.00","37.07","30.0"
"Small-Worldness","Hydrocephalus","9.49","<0.001","Y","Positive","11.00","29.88","22.0"
