"Metric","Covariate model","Predictor","Test statistic","p","Functional Variance Explained (%)","Semi-partial r"
"Strength","Unadjusted","Group (VPT vs FT)","3.12","0.012","3.59","0.189"
"Strength","TIV","Group (VPT vs FT)","445.36","<0.001","3.59","0.130"
"Strength","TIV","TIV","6805.19","<0.001","46.86","0.645"
"Strength","Age at MRI","Group (VPT vs FT)","476.14","<0.001","3.59","0.182"
"Strength","Age at MRI","Age at MRI","6.78","0.002","0.01","0.011"
"Strength","Sex","Group (VPT vs FT)","538.88","<0.001","3.59","0.160"
"Strength","Sex","Sex","5597.39","<0.001","13.07","0.336"
"Strength","Relative motion","Group (VPT vs FT)","524.74","<0.001","3.59","0.167"
"Strength","Relative motion","Relative motion","25.60","<0.001","0.60","0.020"
"Strength","Fully adjusted","Group (VPT vs FT)","573.08","<0.001","3.59","0.112"
"Strength","Fully adjusted","Age at MRI","0.10","0.772","0.01","0.002"
"Strength","Fully adjusted","TIV","5585.50","<0.001","46.86","0.552"
"Strength","Fully adjusted","Sex","66.25","<0.001","13.07","0.019"
"Strength","Fully adjusted","Relative motion","175.02","<0.001","0.60","0.036"
"Normalized GE","Unadjusted","Group (VPT vs FT)","15.53","<0.001","0.86","0.093"
"Normalized GE","TIV","Group (VPT vs FT)","79.63","<0.001","0.86","0.093"
"Normalized GE","TIV","TIV","398.02","<0.001","5.44","0.203"
"Normalized GE","Age at MRI","Group (VPT vs FT)","49.30","<0.001","0.86","0.075"
"Normalized GE","Age at MRI","Age at MRI","18.00","<0.001","0.18","0.029"
"Normalized GE","Sex","Group (VPT vs FT)","55.89","<0.001","0.86","0.080"
"Normalized GE","Sex","Sex","8.32","<0.001","0.05","0.023"
"Normalized GE","Relative motion","Group (VPT vs FT)","49.57","<0.001","0.86","0.076"
"Normalized GE","Relative motion","Relative motion","7.64","<0.001","0.11","0.021"
"Normalized GE","Fully adjusted","Group (VPT vs FT)","66.21","<0.001","0.86","0.091"
"Normalized GE","Fully adjusted","Age at MRI","26.43","<0.001","0.18","0.027"
"Normalized GE","Fully adjusted","TIV","861.37","<0.001","5.44","0.221"
"Normalized GE","Fully adjusted","Sex","550.24","<0.001","0.05","0.091"
"Normalized GE","Fully adjusted","Relative motion","13.11","<0.001","0.11","0.027"
"Normalized ACC","Unadjusted","Group (VPT vs FT)","42.91","<0.001","2.30","0.152"
"Normalized ACC","TIV","Group (VPT vs FT)","218.33","<0.001","2.30","0.025"
"Normalized ACC","TIV","TIV","376.18","<0.001","5.94","0.037"
"Normalized ACC","Age at MRI","Group (VPT vs FT)","169.11","<0.001","2.30","0.023"
"Normalized ACC","Age at MRI","Age at MRI","32.98","<0.001","0.16","0.009"
"Normalized ACC","Sex","Group (VPT vs FT)","186.86","<0.001","2.30","0.023"
"Normalized ACC","Sex","Sex","121.63","<0.001","1.76","0.021"
"Normalized ACC","Relative motion","Group (VPT vs FT)","182.09","<0.001","2.30","0.022"
"Normalized ACC","Relative motion","Relative motion","12.51","<0.001","0.03","0.005"
"Normalized ACC","Fully adjusted","Group (VPT vs FT)","259.29","<0.001","2.30","0.026"
"Normalized ACC","Fully adjusted","Age at MRI","20.59","<0.001","0.16","0.009"
"Normalized ACC","Fully adjusted","TIV","296.68","<0.001","5.94","0.031"
"Normalized ACC","Fully adjusted","Sex","4.05","<0.001","1.76","0.003"
"Normalized ACC","Fully adjusted","Relative motion","9.79","<0.001","0.03","0.004"
"Small-Worldness","Unadjusted","Group (VPT vs FT)","11.78ᵇ","0.024","0.67","0.082"
"Small-Worldness","TIV","Group (VPT vs FT)","1178.07ᵇ","<0.001","0.67","0.071"
"Small-Worldness","TIV","TIV","1565.54ᵇ","<0.001","0.93","0.081"
"Small-Worldness","Age at MRI","Group (VPT vs FT)","871.13ᵇ","<0.001","0.67","0.062"
"Small-Worldness","Age at MRI","Age at MRI","139.62ᵇ","<0.001","0.11","0.024"
"Small-Worldness","Sex","Group (VPT vs FT)","1035.91ᵇ","<0.001","0.67","0.067"
"Small-Worldness","Sex","Sex","1189.33ᵇ","<0.001","0.78","0.072"
"Small-Worldness","Relative motion","Group (VPT vs FT)","649.44ᵇ","<0.001","0.67","0.053"
"Small-Worldness","Relative motion","Relative motion","468.42ᵇ","<0.001","0.53","0.045"
"Small-Worldness","Fully adjusted","Group (VPT vs FT)","856.25ᵇ","<0.001","0.67","0.060"
"Small-Worldness","Fully adjusted","Age at MRI","141.06ᵇ","<0.001","0.11","0.024"
"Small-Worldness","Fully adjusted","TIV","597.02ᵇ","<0.001","0.93","0.048"
"Small-Worldness","Fully adjusted","Sex","328.27ᵇ","<0.001","0.78","0.039"
"Small-Worldness","Fully adjusted","Relative motion","591.80ᵇ","<0.001","0.53","0.050"
"Raw GE","Unadjusted","Group (VPT vs FT)","0.04","0.081","1.70","0.130"
"Raw GE","TIV","Group (VPT vs FT)","801.28","<0.001","1.70","0.076"
"Raw GE","TIV","TIV","57314.36","<0.001","46.97","0.677"
"Raw GE","Age at MRI","Group (VPT vs FT)","1277.72","<0.001","1.70","0.129"
"Raw GE","Age at MRI","Age at MRI","0.67","0.418","0.04","0.002"
"Raw GE","Sex","Group (VPT vs FT)","923.13","<0.001","1.70","0.106"
"Raw GE","Sex","Sex","11985.84","<0.001","15.12","0.381"
"Raw GE","Relative motion","Group (VPT vs FT)","1060.03","<0.001","1.70","0.120"
"Raw GE","Relative motion","Relative motion","15.17","<0.001","0.28","0.014"
"Raw GE","Fully adjusted","Group (VPT vs FT)","723.23","<0.001","1.70","0.062"
"Raw GE","Fully adjusted","Age at MRI","56.27","<0.001","0.04","0.017"
"Raw GE","Fully adjusted","TIV","49671.23","<0.001","46.97","0.563"
"Raw GE","Fully adjusted","Sex","553.00","<0.001","15.12","0.054"
"Raw GE","Fully adjusted","Relative motion","97.76","<0.001","0.28","0.023"
"Raw ACC","Unadjusted","Group (VPT vs FT)","37.62","<0.001","2.36","0.154"
"Raw ACC","TIV","Group (VPT vs FT)","182.92","<0.001","2.36","0.023"
"Raw ACC","TIV","TIV","3772.96","<0.001","46.02","0.147"
"Raw ACC","Age at MRI","Group (VPT vs FT)","383.57","<0.001","2.36","0.034"
"Raw ACC","Age at MRI","Age at MRI","11.43","<0.001","0.02","0.003"
"Raw ACC","Sex","Group (VPT vs FT)","175.62","<0.001","2.36","0.029"
"Raw ACC","Sex","Sex","686.78","<0.001","12.84","0.077"
"Raw ACC","Relative motion","Group (VPT vs FT)","194.32","<0.001","2.36","0.030"
"Raw ACC","Relative motion","Relative motion","13.54","<0.001","0.57","0.007"
"Raw ACC","Fully adjusted","Group (VPT vs FT)","140.49","<0.001","2.36","0.019"
"Raw ACC","Fully adjusted","Age at MRI","5.38","<0.001","0.02","0.004"
"Raw ACC","Fully adjusted","TIV","3593.40","<0.001","46.02","0.126"
"Raw ACC","Fully adjusted","Sex","12.38","<0.001","12.84","0.006"
"Raw ACC","Fully adjusted","Relative motion","46.45","<0.001","0.57","0.010"
